id,job_name,reason
10461,dlcyrg1w099jbncd,"status=Running (censored, no observed duration)"
14100,dlcwod62sudyt4at,"status=Running (censored, no observed duration)"
14778,dlc1ixlybo28i7pp,"status=Running (censored, no observed duration)"
15034,dlct6x6v8ghk3ljb,"status=Running (censored, no observed duration)"
15185,dlcwjltdwwd8zr78,"status=Running (censored, no observed duration)"
15235,dlcm0dvycpck92kr,"status=Running (censored, no observed duration)"
15321,dlc1w33k04qfa2cr,"status=Running (censored, no observed duration)"
15616,dlc6keu4keg1htle,"status=Running (censored, no observed duration)"
15687,dlcpirll0q45dk8b,"status=Running (censored, no observed duration)"
10288,dlcar6cqs8mecvlz,gmt_job_running missing (never entered Running state)
10301,dlc1ujx9foa09u4f,gmt_job_running missing (never entered Running state)
10307,dlc1ygmhacdz0asa,gmt_job_running missing (never entered Running state)
10310,dlcuifz0k6pcfq0t,gmt_job_running missing (never entered Running state)
10318,dlcbebbpgsk5ci30,gmt_job_running missing (never entered Running state)
10319,dlc7il81w7c036wm,gmt_job_running missing (never entered Running state)
10338,dlc1qhssuc65xoq4,gmt_job_running missing (never entered Running state)
10339,dlcqza6f8ji8081j,gmt_job_running missing (never entered Running state)
10340,dlc1j06kn8k9f5sl,gmt_job_running missing (never entered Running state)
10341,dlcf1ug3of11g7ml,gmt_job_running missing (never entered Running state)
10342,dlc1pxxts4p5rv38,gmt_job_running missing (never entered Running state)
10348,dlcyr8n44pxnumo9,gmt_job_running missing (never entered Running state)
10352,dlcqzo83oh26qylw,gmt_job_running missing (never entered Running state)
10355,dlckc7sw4c7w0v80,gmt_job_running missing (never entered Running state)
10356,dlcpc0hs48egir22,gmt_job_running missing (never entered Running state)
10358,dlcsnx0xwg60jmmw,gmt_job_running missing (never entered Running state)
10361,dlc119sv7oegkife,gmt_job_running missing (never entered Running state)
10363,dlc10q23uspuarqw,gmt_job_running missing (never entered Running state)
10364,dlcm0p150oi57eb9,gmt_job_running missing (never entered Running state)
10370,dlc1i45c4wvle4ab,gmt_job_running missing (never entered Running state)
10375,dlcbhsc90cv0knid,gmt_job_running missing (never entered Running state)
10400,dlckl42kk5g152mr,gmt_job_running missing (never entered Running state)
10401,dlcw8n0n8kn1f5rj,gmt_job_running missing (never entered Running state)
10402,dlc1x550jotsbc48,gmt_job_running missing (never entered Running state)
10415,dlc14wbh1g0ekqy7,gmt_job_running missing (never entered Running state)
10417,dlc1889erofjjjah,gmt_job_running missing (never entered Running state)
10418,dlcr0zzlwz3asmuu,gmt_job_running missing (never entered Running state)
10419,dlc1j1xsecgj9pj2,gmt_job_running missing (never entered Running state)
10421,dlc17ok1z8rxpe8y,gmt_job_running missing (never entered Running state)
10424,dlccd02roctwkvu0,gmt_job_running missing (never entered Running state)
10432,dlc1dlmxac1s6wrv,gmt_job_running missing (never entered Running state)
10435,dlcarbzeswpn1507,gmt_job_running missing (never entered Running state)
10439,dlc1967gucr42fie,gmt_job_running missing (never entered Running state)
10444,dlc1kfq58kf2nlnr,gmt_job_running missing (never entered Running state)
10445,dlc1w3bwg4gyupbv,gmt_job_running missing (never entered Running state)
10448,dlc1e2c4jox4rt0z,gmt_job_running missing (never entered Running state)
10456,dlcyt6vwkk83sx0j,gmt_job_running missing (never entered Running state)
10472,dlcr1uwasejjf1vk,gmt_job_running missing (never entered Running state)
10476,dlc1i8twxw8bpukf,gmt_job_running missing (never entered Running state)
10485,dlcl8buo4pqk3u9f,gmt_job_running missing (never entered Running state)
10486,dlc175frwkmi8brg,gmt_job_running missing (never entered Running state)
10490,dlc125ohl0nl5mzd,gmt_job_running missing (never entered Running state)
10491,dlc1x8f0g4vi0i6y,gmt_job_running missing (never entered Running state)
10503,dlc19nsz5w51zkq4,gmt_job_running missing (never entered Running state)
10510,dlcnh6bd0mgcgh87,gmt_job_running missing (never entered Running state)
10524,dlc3iou101v7lnnm,gmt_job_running missing (never entered Running state)
10526,dlc1v23uo4muzkrb,gmt_job_running missing (never entered Running state)
10527,dlc1vc3g1wqm8gzz,gmt_job_running missing (never entered Running state)
10528,dlc1kt2x0xmaxq7g,gmt_job_running missing (never entered Running state)
10529,dlc7ekjycc6l244z,gmt_job_running missing (never entered Running state)
10530,dlc1kslon8o4wx9v,gmt_job_running missing (never entered Running state)
10533,dlc1ikqc5gyswax8,gmt_job_running missing (never entered Running state)
10558,dlcv0fjes3thtdl5,gmt_job_running missing (never entered Running state)
10565,dlc1be00ecw4uep1,gmt_job_running missing (never entered Running state)
10580,dlc1dm9ekky2yxj3,gmt_job_running missing (never entered Running state)
10583,dlc1fk9ddwfexte1,gmt_job_running missing (never entered Running state)
10584,dlc1i25ptwejc2k8,gmt_job_running missing (never entered Running state)
10588,dlc1aalatgud9gvx,gmt_job_running missing (never entered Running state)
10591,dlc1hsbqpwgm5aab,gmt_job_running missing (never entered Running state)
10631,dlc1e74wec33xfi9,gmt_job_running missing (never entered Running state)
10647,dlcj5296shbe2cte,gmt_job_running missing (never entered Running state)
10756,dlcgc1l38ntvtghm,gmt_job_running missing (never entered Running state)
10757,dlclltvd0yx71mby,gmt_job_running missing (never entered Running state)
10773,dlcv1sphgp8brv69,gmt_job_running missing (never entered Running state)
10779,dlcydz2mcgzr9zde,gmt_job_running missing (never entered Running state)
10781,dlc1j760w4152s9n,gmt_job_running missing (never entered Running state)
10794,dlc1vf27es3sw6an,gmt_job_running missing (never entered Running state)
10795,dlctt24kfcc47p8z,gmt_job_running missing (never entered Running state)
10800,dlc1v55f5wwm0ji2,gmt_job_running missing (never entered Running state)
10805,dlci1aww4z83z3w8,gmt_job_running missing (never entered Running state)
10807,dlc1k1vi108cym9e,gmt_job_running missing (never entered Running state)
10809,dlc2852x011nodpo,gmt_job_running missing (never entered Running state)
10819,dlc1kvyhvo32rqaa,gmt_job_running missing (never entered Running state)
10830,dlc1trsiysfay2m4,gmt_job_running missing (never entered Running state)
10834,dlc12uxbescgfzxi,gmt_job_running missing (never entered Running state)
10837,dlc14hxxgej1bt1v,gmt_job_running missing (never entered Running state)
10839,dlcibsrnoge8tkhj,gmt_job_running missing (never entered Running state)
10842,dlc15munt0c7u9xy,gmt_job_running missing (never entered Running state)
10850,dlcxl7u9w0o05rw1,gmt_job_running missing (never entered Running state)
10851,dlczj4zycaxke404,gmt_job_running missing (never entered Running state)
10852,dlczj4zyc07equzr,gmt_job_running missing (never entered Running state)
10853,dlc1cklwxwnhevnl,gmt_job_running missing (never entered Running state)
10862,dlc9gcs90ppl8fdi,gmt_job_running missing (never entered Running state)
10872,dlceq9a84x30t4t5,gmt_job_running missing (never entered Running state)
10873,dlcku0cn8q1db2nt,gmt_job_running missing (never entered Running state)
10874,dlc1iymepwj4e72b,gmt_job_running missing (never entered Running state)
10876,dlcopxh50143iksa,gmt_job_running missing (never entered Running state)
10877,dlc18z3u2shlw2e1,gmt_job_running missing (never entered Running state)
10878,dlc1um85xgfvqqg1,gmt_job_running missing (never entered Running state)
10880,dlc4gsiro799fgjx,gmt_job_running missing (never entered Running state)
10890,dlc1syetc4hsp8gb,gmt_job_running missing (never entered Running state)
10899,dlc17vgp380pmjqc,gmt_job_running missing (never entered Running state)
10900,dlc14tmkg4gk7eo8,gmt_job_running missing (never entered Running state)
10901,dlc18fhaf856zkcm,gmt_job_running missing (never entered Running state)
10903,dlcnwcqo4d04g4g4,gmt_job_running missing (never entered Running state)
10907,dlc117unlwzdusjd,gmt_job_running missing (never entered Running state)
10909,dlck0l8g4c7psvn3,gmt_job_running missing (never entered Running state)
10912,dlcqeepdwpbtvpj1,gmt_job_running missing (never entered Running state)
10914,dlc18zni10c1gq0l,gmt_job_running missing (never entered Running state)
10915,dlcwi8kxw7hd1h7z,gmt_job_running missing (never entered Running state)
10917,dlc1361n9gficidh,gmt_job_running missing (never entered Running state)
10927,dlc97dpmsryr9gvq,gmt_job_running missing (never entered Running state)
10938,dlchj75dwldnzcux,gmt_job_running missing (never entered Running state)
10940,dlcvomfwkqcj6sec,gmt_job_running missing (never entered Running state)
10941,dlc18q3cw4mqqs0d,gmt_job_running missing (never entered Running state)
10942,dlc1ae0x6s9u2uwh,gmt_job_running missing (never entered Running state)
10948,dlc1h1skxwe06mm6,gmt_job_running missing (never entered Running state)
10952,dlcgpb6dg6xtuldm,gmt_job_running missing (never entered Running state)
10953,dlcr8vqx0fo9kg34,gmt_job_running missing (never entered Running state)
10988,dlc1b83x1gjom0cz,gmt_job_running missing (never entered Running state)
11000,dlc65xmo4xx9jafm,gmt_job_running missing (never entered Running state)
11016,dlc1a4b5s49952tx,gmt_job_running missing (never entered Running state)
11017,dlc1a4b5s4zfo9lh,gmt_job_running missing (never entered Running state)
11018,dlc1a4b5s40f5h97,gmt_job_running missing (never entered Running state)
11021,dlc1cm7i84tylry1,gmt_job_running missing (never entered Running state)
11025,dlc1fe3g1wleqfli,gmt_job_running missing (never entered Running state)
11027,dlc1fe3g1wlo2f1g,gmt_job_running missing (never entered Running state)
11028,dlc1fe3g1w2rv3j6,gmt_job_running missing (never entered Running state)
11038,dlc1p3p8g4iqkagk,gmt_job_running missing (never entered Running state)
11048,dlcu1045ghwezelo,gmt_job_running missing (never entered Running state)
11051,dlc1hw172ce6nufx,gmt_job_running missing (never entered Running state)
11055,dlcr95kw4rezfw61,gmt_job_running missing (never entered Running state)
11057,dlcs34d1gohc5b54,gmt_job_running missing (never entered Running state)
11060,dlc1fe696ssj0lsu,gmt_job_running missing (never entered Running state)
11061,dlc1jtzrb8xlt8oj,gmt_job_running missing (never entered Running state)
11062,dlcerp98kxfcmv2b,gmt_job_running missing (never entered Running state)
11064,dlckvgbnough0j7q,gmt_job_running missing (never entered Running state)
11065,dlcrt6684f4ic6py,gmt_job_running missing (never entered Running state)
11068,dlc9rxyx0plc7exy,gmt_job_running missing (never entered Running state)
11077,dlc1ok1a84r610hv,gmt_job_running missing (never entered Running state)
11079,dlc1qrzfus4mnlge,gmt_job_running missing (never entered Running state)
11083,dlc1igk1s4dztz30,gmt_job_running missing (never entered Running state)
11086,dlc1uo26mcabkgfz,gmt_job_running missing (never entered Running state)
11091,dlc1x5zxmsb44v83,gmt_job_running missing (never entered Running state)
11096,dlcthq7lwwbx0lw0,gmt_job_running missing (never entered Running state)
11116,dlc7kw4cka27w1ml,gmt_job_running missing (never entered Running state)
11209,dlc1jsv11gfu8sfq,gmt_job_running missing (never entered Running state)
11223,dlc518kjoonpajuf,gmt_job_running missing (never entered Running state)
11234,dlc1e9h72czjclqp,gmt_job_running missing (never entered Running state)
11235,dlc1ghdy4kszqi9s,gmt_job_running missing (never entered Running state)
11236,dlc1ifb3t0kbq7xy,gmt_job_running missing (never entered Running state)
11239,dlc13pzfno7392dv,gmt_job_running missing (never entered Running state)
11251,dlcv4j1msfjmm257,gmt_job_running missing (never entered Running state)
11269,dlc1qrledgihvd8x,gmt_job_running missing (never entered Running state)
11273,dlcqz5zpgs1r8jwd,gmt_job_running missing (never entered Running state)
11279,dlcuv4iro783wwsn,gmt_job_running missing (never entered Running state)
11285,dlcixvtaclupgbj0,gmt_job_running missing (never entered Running state)
11291,dlc12x6sjo5eikib,gmt_job_running missing (never entered Running state)
11293,dlc11t9tl00zg7mz,gmt_job_running missing (never entered Running state)
11296,dlc4snjlwpwk5jgp,gmt_job_running missing (never entered Running state)
11297,dlcohups4cqdy0oa,gmt_job_running missing (never entered Running state)
11302,dlco7xxj8jij8h48,gmt_job_running missing (never entered Running state)
11306,dlca2o9aca4idsmr,gmt_job_running missing (never entered Running state)
11319,dlc1oktds4ja07mm,gmt_job_running missing (never entered Running state)
11328,dlc1vsn1foo6be0y,gmt_job_running missing (never entered Running state)
11334,dlc1i79qtg7tgoxc,gmt_job_running missing (never entered Running state)
11342,dlc1ob3mdg30yggb,gmt_job_running missing (never entered Running state)
11347,dlc1g9ntok4vrutk,gmt_job_running missing (never entered Running state)
11352,dlc1q9am10a7fz4t,gmt_job_running missing (never entered Running state)
11386,dlclr94p0uzeb9yf,gmt_job_running missing (never entered Running state)
11468,dlcz9q10z60pwk7r,gmt_job_running missing (never entered Running state)
11480,dlc6tp2pw3bhwg4a,gmt_job_running missing (never entered Running state)
11486,dlc14eol5000rxzd,gmt_job_running missing (never entered Running state)
11487,dlc16mmqrowsplf3,gmt_job_running missing (never entered Running state)
11491,dlc1ks3fusj6spjw,gmt_job_running missing (never entered Running state)
11502,dlc1gcgykkuwa9bc,gmt_job_running missing (never entered Running state)
11542,dlc1unmqroz1p7mr,gmt_job_running missing (never entered Running state)
11545,dlclfjqisgm52lrq,gmt_job_running missing (never entered Running state)
11549,dlc8y6804z7s5ulk,gmt_job_running missing (never entered Running state)
11552,dlc1vruy9wyq0ok6,gmt_job_running missing (never entered Running state)
11589,dlcfdsb2cjzcwz70,gmt_job_running missing (never entered Running state)
11609,dlchc6bk40miz9k7,gmt_job_running missing (never entered Running state)
11628,dlceumm840of6qzq,gmt_job_running missing (never entered Running state)
11634,dlc1pgt7nongxatd,gmt_job_running missing (never entered Running state)
11643,dlcm2napwyz222c0,gmt_job_running missing (never entered Running state)
11648,dlcu4jy84b74hg5x,gmt_job_running missing (never entered Running state)
11665,dlc1cqjfnoiihiez,gmt_job_running missing (never entered Running state)
11666,dlciht3ichedojjl,gmt_job_running missing (never entered Running state)
11668,dlc1u7v9c4binjq9,gmt_job_running missing (never entered Running state)
11671,dlc1vvu878y0xr5t,gmt_job_running missing (never entered Running state)
11684,dlc1eyvmysr7q23n,gmt_job_running missing (never entered Running state)
11687,dlcp5ysxw6qsad26,gmt_job_running missing (never entered Running state)
11695,dlc1xuduysyb77pt,gmt_job_running missing (never entered Running state)
11705,dlcwo4p38sameyxh,gmt_job_running missing (never entered Running state)
11706,dlc1il8mbo600oev,gmt_job_running missing (never entered Running state)
11710,dlc1jzdm2skldyxj,gmt_job_running missing (never entered Running state)
11712,dlcxieps4ov6bh04,gmt_job_running missing (never entered Running state)
11714,dlc7zivpgqbdsosf,gmt_job_running missing (never entered Running state)
11715,dlc11ebu9webtoro,gmt_job_running missing (never entered Running state)
11716,dlc1jzkmx0jjk6ft,gmt_job_running missing (never entered Running state)
11717,dlcymhb0k6x4q0da,gmt_job_running missing (never entered Running state)
11719,dlcr4whdwrs0xrjz,gmt_job_running missing (never entered Running state)
11721,dlcod3cp0yxaxxan,gmt_job_running missing (never entered Running state)
11723,dlct2wg786wjlutx,gmt_job_running missing (never entered Running state)
11726,dlcwoskqszinij27,gmt_job_running missing (never entered Running state)
11731,dlc14glf5wv6k824,gmt_job_running missing (never entered Running state)
11736,dlcahw2ysbtjeb3g,gmt_job_running missing (never entered Running state)
11737,dlcbvu1voogsm7uo,gmt_job_running missing (never entered Running state)
11745,dlcexse84yi4wgvv,gmt_job_running missing (never entered Running state)
11749,dlc8a6cqsohgaw8t,gmt_job_running missing (never entered Running state)
11751,dlc1f0ftokca1ueh,gmt_job_running missing (never entered Running state)
11753,dlcgvwkqs6tqweeo,gmt_job_running missing (never entered Running state)
11757,dlc12t4poky22pt5,gmt_job_running missing (never entered Running state)
11765,dlchg8emc2h7fral,gmt_job_running missing (never entered Running state)
11767,dlc1836txghapw99,gmt_job_running missing (never entered Running state)
11771,dlc1swglc4z7hu30,gmt_job_running missing (never entered Running state)
11780,dlcvw1c7818uqjh3,gmt_job_running missing (never entered Running state)
11782,dlc8l0umcyc40jbx,gmt_job_running missing (never entered Running state)
11793,dlc4zfymcmxl0doj,gmt_job_running missing (never entered Running state)
11796,dlc1mtkfespfcziz,gmt_job_running missing (never entered Running state)
11849,dlc92rz7ofl1rhk9,gmt_job_running missing (never entered Running state)
11851,dlc2f7cas5xf525u,gmt_job_running missing (never entered Running state)
11852,dlc1crbj7orj13q3,gmt_job_running missing (never entered Running state)
11855,dlc14fqiv887w5wv,gmt_job_running missing (never entered Running state)
11859,dlc2pcjyc7ocnxnl,gmt_job_running missing (never entered Running state)
11865,dlc1op2i2sj7k21g,gmt_job_running missing (never entered Running state)
11875,dlc1ezmbycs5mpqr,gmt_job_running missing (never entered Running state)
11878,dlcluudc4vtilnds,gmt_job_running missing (never entered Running state)
11880,dlc11q878x6q02n9,gmt_job_running missing (never entered Running state)
11890,dlc07ygw4s236sej,gmt_job_running missing (never entered Running state)
11898,dlc1wr7kzot9l8ef,gmt_job_running missing (never entered Running state)
11904,dlcm580ecxduiv9l,gmt_job_running missing (never entered Running state)
11906,dlcwoskxw2mgz2bq,gmt_job_running missing (never entered Running state)
11913,dlcph5y4kvhxvr3q,gmt_job_running missing (never entered Running state)
11929,dlc19gny8403uhn4,gmt_job_running missing (never entered Running state)
11941,dlc8umeisz77nam8,gmt_job_running missing (never entered Running state)
11948,dlct3ydqcxo6ly2j,gmt_job_running missing (never entered Running state)
11955,dlct9eysti6xne82,gmt_job_running missing (never entered Running state)
11956,dlc1390ckuff09i6,gmt_job_running missing (never entered Running state)
11957,dlc1390ckoto8xg4,gmt_job_running missing (never entered Running state)
11958,dlc1390ckx6114dx,gmt_job_running missing (never entered Running state)
11959,dlc1390cki04y63i,gmt_job_running missing (never entered Running state)
11960,dlc1d8lqcspyufg3,gmt_job_running missing (never entered Running state)
11961,dlc1d8lqcdsatv63,gmt_job_running missing (never entered Running state)
11962,dlc1d8lqcqstlu3s,gmt_job_running missing (never entered Running state)
11963,dlc1d8lqccnew67f,gmt_job_running missing (never entered Running state)
11964,dlc1d8lqckfqye6l,gmt_job_running missing (never entered Running state)
11965,dlc1n8744zbemlqd,gmt_job_running missing (never entered Running state)
11966,dlc1n8744py69eyg,gmt_job_running missing (never entered Running state)
11967,dlc1n8744497os5i,gmt_job_running missing (never entered Running state)
11970,dlc1oqtpms2x1613,gmt_job_running missing (never entered Running state)
11971,dlc1oqtpms32z9xd,gmt_job_running missing (never entered Running state)
11974,dlc1p0tb0kmrin28,gmt_job_running missing (never entered Running state)
11980,dlc1paswec6c0aa7,gmt_job_running missing (never entered Running state)
11981,dlc1paswecc1qxwg,gmt_job_running missing (never entered Running state)
11995,dlcaiwlxglwxd0ea,gmt_job_running missing (never entered Running state)
11999,dlccqw64k3vzy6fk,gmt_job_running missing (never entered Running state)
12002,dlc1b5j85g3d99c8,gmt_job_running missing (never entered Running state)
12013,dlc1u101l04fusfb,gmt_job_running missing (never entered Running state)
12014,dlc1abu9z82x0cdu,gmt_job_running missing (never entered Running state)
12021,dlc1hjmj2c627hgu,gmt_job_running missing (never entered Running state)
12027,dlc3bqtxghm056w0,gmt_job_running missing (never entered Running state)
12037,dlc1plgdfo61bec8,gmt_job_running missing (never entered Running state)
12040,dlc13zpc4gabvdxk,gmt_job_running missing (never entered Running state)
12044,dlc1pvk6pww1wjwo,gmt_job_running missing (never entered Running state)
12052,dlc5jxf5wn4g0coh,gmt_job_running missing (never entered Running state)
12054,dlcnba8skmt5m405,gmt_job_running missing (never entered Running state)
12057,dlc5u2mtgdzrz5ai,gmt_job_running missing (never entered Running state)
12065,dlc1hac83ont4fm3,gmt_job_running missing (never entered Running state)
12066,dlc1hac83o5domrk,gmt_job_running missing (never entered Running state)
12067,dlc1hac83oj2ghjl,gmt_job_running missing (never entered Running state)
12072,dlcopm9dwgrcukeu,gmt_job_running missing (never entered Running state)
12073,dlc1o86adgm0c2xr,gmt_job_running missing (never entered Running state)
12086,dlcc8ed50gkcl47l,gmt_job_running missing (never entered Running state)
12088,dlc1pcehvoe93xfc,gmt_job_running missing (never entered Running state)
12093,dlcf0d43oqstwwkn,gmt_job_running missing (never entered Running state)
12094,dlcofzb440gl5l17,gmt_job_running missing (never entered Running state)
12095,dlc1n4kjycxaptrg,gmt_job_running missing (never entered Running state)
12100,dlcnm658k4t8v6na,gmt_job_running missing (never entered Running state)
12101,dlckublz8jzfbu4r,gmt_job_running missing (never entered Running state)
12103,dlc7iwi6ccgrpq59,gmt_job_running missing (never entered Running state)
12105,dlcvy0zk4uduqmh6,gmt_job_running missing (never entered Running state)
12110,dlc1zd1xgmtg0edl,gmt_job_running missing (never entered Running state)
12112,dlc12vv1tw3ugotn,gmt_job_running missing (never entered Running state)
12115,dlcyq2jnopw2oafk,gmt_job_running missing (never entered Running state)
12116,dlc19jmpl0pnqrvy,gmt_job_running missing (never entered Running state)
12118,dlc1x4o7440iz14o,gmt_job_running missing (never entered Running state)
12127,dlc118bj7ojt261i,gmt_job_running missing (never entered Running state)
12146,dlct6x538lg46vet,gmt_job_running missing (never entered Running state)
12178,dlc1fygpaca22idp,gmt_job_running missing (never entered Running state)
12188,dlc1oacy6cp279q0,gmt_job_running missing (never entered Running state)
12199,dlc3yx7gkqqm0xvn,gmt_job_running missing (never entered Running state)
12205,dlcqg7cas5n08jym,gmt_job_running missing (never entered Running state)
12206,dlcti2vicuaxl11w,gmt_job_running missing (never entered Running state)
12214,dlcxij2ci9659aw0,gmt_job_running missing (never entered Running state)
12224,dlc1kfexvopc0dex,gmt_job_running missing (never entered Running state)
12244,dlc19csw78n6je9f,gmt_job_running missing (never entered Running state)
12248,dlc1tmbw90y60kpd,gmt_job_running missing (never entered Running state)
12251,dlceanfusetkqj6h,gmt_job_running missing (never entered Running state)
12254,dlc1vujvus5ofi53,gmt_job_running missing (never entered Running state)
12271,dlcrcwg785s7f9u5,gmt_job_running missing (never entered Running state)
12272,dlcrmw1l0rvfm7at,gmt_job_running missing (never entered Running state)
12273,dlcjm6xokhh63wp1,gmt_job_running missing (never entered Running state)
12274,dlc11dqs5g7xt2p4,gmt_job_running missing (never entered Running state)
12275,dlc1ibbuh002jv9n,gmt_job_running missing (never entered Running state)
12276,dlc1ozbxms5vcltp,gmt_job_running missing (never entered Running state)
12277,dlc1vxbm6cnrtr2l,gmt_job_running missing (never entered Running state)
12278,dlc08dxc4e1hrkq2,gmt_job_running missing (never entered Running state)
12279,dlc3ajaisn7cjbea,gmt_job_running missing (never entered Running state)
12280,dlc62p2boqqy2k1g,gmt_job_running missing (never entered Running state)
12281,dlccqp5hgtnsf42u,gmt_job_running missing (never entered Running state)
12282,dlcg2u41w946z9s2,gmt_job_running missing (never entered Running state)
12283,dlcj4zh8ktpgj839,gmt_job_running missing (never entered Running state)
12284,dlcpszklg15p0afg,gmt_job_running missing (never entered Running state)
12285,dlcefhmh073jq05h,gmt_job_running missing (never entered Running state)
12289,dlc1y8bno69sri3n,gmt_job_running missing (never entered Running state)
12290,dlcwgznr8z3aj0ze,gmt_job_running missing (never entered Running state)
12291,dlc5u41l0n9f28t4,gmt_job_running missing (never entered Running state)
12292,dlc134zqx0vaztq0,gmt_job_running missing (never entered Running state)
12293,dlc6ydnno75gyfyx,gmt_job_running missing (never entered Running state)
12296,dlc1a2zfgk8nb3z3,gmt_job_running missing (never entered Running state)
12298,dlc1h0z404fbkimg,gmt_job_running missing (never entered Running state)
12299,dlc1nyysjom2infb,gmt_job_running missing (never entered Running state)
12300,dlc1zfv9gt4zvv6a,gmt_job_running missing (never entered Running state)
12301,dlc2jf210r3buzz4,gmt_job_running missing (never entered Running state)
12302,dlcdn07wkyx0ex27,gmt_job_running missing (never entered Running state)
12303,dlc2jhv5whlwxlun,gmt_job_running missing (never entered Running state)
12304,dlc1qh25twamfaul,gmt_job_running missing (never entered Running state)
12305,dlc1r11clgu3m1oh,gmt_job_running missing (never entered Running state)
12306,dlc83cjyc11fy5y8,gmt_job_running missing (never entered Running state)
12307,dlc1umyvpgtqncqp,gmt_job_running missing (never entered Running state)
12309,dlc8xfjt0k3671pb,gmt_job_running missing (never entered Running state)
12311,dlc2jvwucbftmo30,gmt_job_running missing (never entered Running state)
12313,dlcq507icspbk0zh,gmt_job_running missing (never entered Running state)
12322,dlcs3ju9wjgkx7ng,gmt_job_running missing (never entered Running state)
12362,dlc1owbs3oiiapmk,gmt_job_running missing (never entered Running state)
12367,dlc1fiw8w4haxpaw,gmt_job_running missing (never entered Running state)
12370,dlc1fjd3pgjzasvo,gmt_job_running missing (never entered Running state)
12371,dlc1d1jkecaa89f7,gmt_job_running missing (never entered Running state)
12385,dlc76q96s0dprzxz,gmt_job_running missing (never entered Running state)
12389,dlc1smjtokyctn6y,gmt_job_running missing (never entered Running state)
12411,dlc11k9ddwa3e607,gmt_job_running missing (never entered Running state)
12418,dlcxzf66c4zvc1iz,gmt_job_running missing (never entered Running state)
12419,dlcf486pw1lypve0,gmt_job_running missing (never entered Running state)
12426,dlc1j2sqo4et8tvw,gmt_job_running missing (never entered Running state)
12433,dlc55lx50aqdtrxp,gmt_job_running missing (never entered Running state)
12450,dlclkgqv8k7i7xxb,gmt_job_running missing (never entered Running state)
12488,dlcp94lxg401wf17,gmt_job_running missing (never entered Running state)
12513,dlc1q29szouj71kf,gmt_job_running missing (never entered Running state)
12514,dlc1iamkuccx0sjt,gmt_job_running missing (never entered Running state)
12516,dlcjw3qism5i90oy,gmt_job_running missing (never entered Running state)
12517,dlc1wq49vophfhr0,gmt_job_running missing (never entered Running state)
12540,dlc8j18n8p6x1xeg,gmt_job_running missing (never entered Running state)
12542,dlc1f9apl0i3ahlh,gmt_job_running missing (never entered Running state)
12544,dlc9n10qswmfguhp,gmt_job_running missing (never entered Running state)
12547,dlc1bdhsskuw6bgb,gmt_job_running missing (never entered Running state)
12548,dlc1p8xhxgttr8r4,gmt_job_running missing (never entered Running state)
12549,dlc1xklbeskd96p9,gmt_job_running missing (never entered Running state)
12554,dlc1ile9l0znk63h,gmt_job_running missing (never entered Running state)
12556,dlciiwgeccvt9egl,gmt_job_running missing (never entered Running state)
12570,dlczgepl0m8hr705,gmt_job_running missing (never entered Running state)
12610,dlc1hj1hc4o9izic,gmt_job_running missing (never entered Running state)
12632,dlcoopyx0dacs0rp,gmt_job_running missing (never entered Running state)
12637,dlc1ndb7r844u2b8,gmt_job_running missing (never entered Running state)
12640,dlc95fimcwohr8i4,gmt_job_running missing (never entered Running state)
12642,dlc1avwao4ns7cle,gmt_job_running missing (never entered Running state)
12655,dlc1wj4u843xwvkm,gmt_job_running missing (never entered Running state)
12658,dlc81mrd0ltho1iz,gmt_job_running missing (never entered Running state)
12662,dlc13ydgxwe4s7wq,gmt_job_running missing (never entered Running state)
12666,dlc4pvuo4h5108xs,gmt_job_running missing (never entered Running state)
12671,dlcbxmp6s6nhhvhu,gmt_job_running missing (never entered Running state)
12672,dlcqd1l383uq2a3d,gmt_job_running missing (never entered Running state)
12673,dlctex4as59nl20o,gmt_job_running missing (never entered Running state)
12686,dlc1nxr9j80rnwju,gmt_job_running missing (never entered Running state)
12690,dlc4g3a4k48s032s,gmt_job_running missing (never entered Running state)
12691,dlc116rdacpp587a,gmt_job_running missing (never entered Running state)
12697,dlc5k5vd0owuyw6z,gmt_job_running missing (never entered Running state)
12703,dlc10300lgkzc9b4,gmt_job_running missing (never entered Running state)
12707,dlci1t7us48g32p7,gmt_job_running missing (never entered Running state)
12746,dlc1lqcrus68ae0g,gmt_job_running missing (never entered Running state)
12782,dlcnbwqo4sa5p5pz,gmt_job_running missing (never entered Running state)
12788,dlc1h0pamc5tfm0y,gmt_job_running missing (never entered Running state)
12791,dlc0w938jd1uvlhs,gmt_job_running missing (never entered Running state)
12792,dlc1gqr3t09g0sh0,gmt_job_running missing (never entered Running state)
12795,dlcmi0rno8q8v3qi,gmt_job_running missing (never entered Running state)
12800,dlc1xo3qpwwtbaew,gmt_job_running missing (never entered Running state)
12818,dlcgyei9wy84j0z0,gmt_job_running missing (never entered Running state)
12855,dlcalk5j8ejzh518,gmt_job_running missing (never entered Running state)
12865,dlcsx0dms3zkyp3c,gmt_job_running missing (never entered Running state)
12874,dlc1iq48hw6berir,gmt_job_running missing (never entered Running state)
12875,dlc1p3uwasx8djnb,gmt_job_running missing (never entered Running state)
12876,dlcmctfoqhqknq7x,gmt_job_running missing (never entered Running state)
12893,dlcflwidgh8p7iav,gmt_job_running missing (never entered Running state)
12899,dlctrem10nxvq8hr,gmt_job_running missing (never entered Running state)
12918,dlc1xq0kjouj997b,gmt_job_running missing (never entered Running state)
12961,dlc1u9tix05ss6vt,gmt_job_running missing (never entered Running state)
12977,dlc1dnxuysqycn4s,gmt_job_running missing (never entered Running state)
12978,dlci19jwk9xdnff6,gmt_job_running missing (never entered Running state)
12982,dlc19i864kcrr1vr,gmt_job_running missing (never entered Running state)
13017,dlc1s3pe6cy9te1v,gmt_job_running missing (never entered Running state)
13021,dlc1o7xvycb5zi53,gmt_job_running missing (never entered Running state)
13029,dlc15wrhtwq9rgja,gmt_job_running missing (never entered Running state)
13034,dlc152u490n3wg7f,gmt_job_running missing (never entered Running state)
13035,dlc1p20vt08hqqve,gmt_job_running missing (never entered Running state)
13039,dlc1fwfoqsy1h12f,gmt_job_running missing (never entered Running state)
13044,dlc1sxwlqcmeebdi,gmt_job_running missing (never entered Running state)
13055,dlcldskckvjckayj,gmt_job_running missing (never entered Running state)
13062,dlc1cuprt0ma0gkv,gmt_job_running missing (never entered Running state)
13066,dlcfu4wecelat4ta,gmt_job_running missing (never entered Running state)
13071,dlc8whuys7b2nzze,gmt_job_running missing (never entered Running state)
13074,dlco5wxl0cdgl0tg,gmt_job_running missing (never entered Running state)
13085,dlcyfm4g41lmvtfn,gmt_job_running missing (never entered Running state)
13089,dlc18z83k4w1p7xx,gmt_job_running missing (never entered Running state)
13092,dlcbom878stne1fb,gmt_job_running missing (never entered Running state)
13093,dlc3wz01w57syi87,gmt_job_running missing (never entered Running state)
13097,dlc149j7r8784rxg,gmt_job_running missing (never entered Running state)
13110,dlc1cvgglg86ed3b,gmt_job_running missing (never entered Running state)
13111,dlc1hbbdacwv969f,gmt_job_running missing (never entered Running state)
13122,dlc1f3hfd0m8qwwa,gmt_job_running missing (never entered Running state)
13124,dlc1s4yccktmj86f,gmt_job_running missing (never entered Running state)
13128,dlcmso8w4dk84n64,gmt_job_running missing (never entered Running state)
13146,dlc1xz82rowifx8y,gmt_job_running missing (never entered Running state)
13148,dlcbpmqysr1ff8y8,gmt_job_running missing (never entered Running state)
13149,dlc19u8t1guun3ai,gmt_job_running missing (never entered Running state)
13150,dlc19u8t1gebtb1h,gmt_job_running missing (never entered Running state)
13157,dlcj7g004zh6bmfb,gmt_job_running missing (never entered Running state)
13160,dlc1s5m8047z1fe8,gmt_job_running missing (never entered Running state)
13162,dlctr1z44wa3dtia,gmt_job_running missing (never entered Running state)
13165,dlcoraoskutjvpa3,gmt_job_running missing (never entered Running state)
13166,dlc1w1jchwsmm71s,gmt_job_running missing (never entered Running state)
13171,dlc2u9kp0vvvr0q9,gmt_job_running missing (never entered Running state)
13173,dlcsn7tactn07dsx,gmt_job_running missing (never entered Running state)
13174,dlc1fy9pfok1fdyo,gmt_job_running missing (never entered Running state)
13175,dlc1g89atgx8agz0,gmt_job_running missing (never entered Running state)
13177,dlccemtgks6ecagt,gmt_job_running missing (never entered Running state)
13183,dlc10oyuisyn9ztx,gmt_job_running missing (never entered Running state)
13190,dlc1e0grgkolrhkh,gmt_job_running missing (never entered Running state)
13206,dlc1aor950d0tub1,gmt_job_running missing (never entered Running state)
13208,dlc1b8qfwkhz9pea,gmt_job_running missing (never entered Running state)
13209,dlc1n68zd0g93blv,gmt_job_running missing (never entered Running state)
13210,dlc1n68zd0mt2x9f,gmt_job_running missing (never entered Running state)
13212,dlc17mx4hworccv4,gmt_job_running missing (never entered Running state)
13213,dlc1sg2o787wu83l,gmt_job_running missing (never entered Running state)
13214,dlc14b3eh0unxm03,gmt_job_running missing (never entered Running state)
13218,dlcg644qs3hwz2oo,gmt_job_running missing (never entered Running state)
13230,dlc1r27if8lvveif,gmt_job_running missing (never entered Running state)
13234,dlc3eo7pg0z33wgu,gmt_job_running missing (never entered Running state)
13235,dlc52ls04bxjz9m8,gmt_job_running missing (never entered Running state)
13236,dlcei7z0k11c2wj4,gmt_job_running missing (never entered Running state)
13238,dlc1e0s0045rlcbw,gmt_job_running missing (never entered Running state)
13240,dlc1p4brb8hxavgs,gmt_job_running missing (never entered Running state)
13242,dlcacfguc37wgzrf,gmt_job_running missing (never entered Running state)
13244,dlcpvsq9wys548tj,gmt_job_running missing (never entered Running state)
13245,dlc10zchl0o3dt3n,gmt_job_running missing (never entered Running state)
13247,dlc19uzhtw1z5slt,gmt_job_running missing (never entered Running state)
13250,dlc1mmgtfou0l1d5,gmt_job_running missing (never entered Running state)
13252,dlc66myo42gom5x0,gmt_job_running missing (never entered Running state)
13254,dlcdecemc7b0fs60,gmt_job_running missing (never entered Running state)
13257,dlc1ccx8uch25m7o,gmt_job_running missing (never entered Running state)
13259,dlc1yu0cuc7vp3uq,gmt_job_running missing (never entered Running state)
13262,dlcv5ntokv4vxq6t,gmt_job_running missing (never entered Running state)
13266,dlc1s6bi846morl9,gmt_job_running missing (never entered Running state)
13270,dlc11tfhfoa2qe3g,gmt_job_running missing (never entered Running state)
13274,dlcgqbqx08qcag37,gmt_job_running missing (never entered Running state)
13277,dlc12xf9j81i8ysg,gmt_job_running missing (never entered Running state)
13278,dlc1m2n8xwt1jp4u,gmt_job_running missing (never entered Running state)
13292,dlc17nb66c5isc47,gmt_job_running missing (never entered Running state)
13298,dlc1hcyd501z4ac4,gmt_job_running missing (never entered Running state)
13351,dlc1d7foxwxxcata,gmt_job_running missing (never entered Running state)
13353,dlccuyadgasxpsz7,gmt_job_running missing (never entered Running state)
13356,dlcwk5gjo9e4d64n,gmt_job_running missing (never entered Running state)
13405,dlc1rx5erocj7sx2,gmt_job_running missing (never entered Running state)
13419,dlc1tl76rogs7ti6,gmt_job_running missing (never entered Running state)
13423,dlc1hxpn9geq1th2,gmt_job_running missing (never entered Running state)
13440,dlcejibr8oam324c,gmt_job_running missing (never entered Running state)
13444,dlc1di35z8opvjqb,gmt_job_running missing (never entered Running state)
13494,dlc3qgf7o6r1aq0h,gmt_job_running missing (never entered Running state)
13515,dlc1owem10k3jogh,gmt_job_running missing (never entered Running state)
13529,dlc1vaf3t0y10zxw,gmt_job_running missing (never entered Running state)
13534,dlc1hp1t6skvrt5b,gmt_job_running missing (never entered Running state)
13544,dlcpognic61r3623,gmt_job_running missing (never entered Running state)
13546,dlc1six7nodqu9n8,gmt_job_running missing (never entered Running state)
13547,dlc193r1foql6vf7,gmt_job_running missing (never entered Running state)
13549,dlc3hhclgh5nwp5b,gmt_job_running missing (never entered Running state)
13553,dlc10s6138pefz2h,gmt_job_running missing (never entered Running state)
13563,dlc2dolc4cakx4h9,gmt_job_running missing (never entered Running state)
13574,dlc5znj0kipirgzz,gmt_job_running missing (never entered Running state)
13592,dlcjlc26crklacsa,gmt_job_running missing (never entered Running state)
13596,dlcpf6cckg8j7g1z,gmt_job_running missing (never entered Running state)
13604,dlc108tbesckist0,gmt_job_running missing (never entered Running state)
13612,dlc1ia74zoncgohv,gmt_job_running missing (never entered Running state)
13613,dlcf5tslguv3khuq,gmt_job_running missing (never entered Running state)
13614,dlctb93441nf565r,gmt_job_running missing (never entered Running state)
13632,dlcc4f478pywp8d5,gmt_job_running missing (never entered Running state)
13633,dlccydwck3inr87c,gmt_job_running missing (never entered Running state)
13640,dlcisce84w7n3kc7,gmt_job_running missing (never entered Running state)
13643,dlc4x7xmsicgue7j,gmt_job_running missing (never entered Running state)
13645,dlcz63w1w0edopz6,gmt_job_running missing (never entered Running state)
13648,dlc17rvimcoxd2m1,gmt_job_running missing (never entered Running state)
13658,dlc1ngbe2sfumfdj,gmt_job_running missing (never entered Running state)
13659,dlc8efi84ua0i448,gmt_job_running missing (never entered Running state)
13665,dlc1hww5j8h0k73x,gmt_job_running missing (never entered Running state)
13669,dlc1hczrwkqu1tjn,gmt_job_running missing (never entered Running state)
13679,dlc12dpwxwynme60,gmt_job_running missing (never entered Running state)
13682,dlcmkegp0ngei2rs,gmt_job_running missing (never entered Running state)
13733,dlc173x24k9v62pb,gmt_job_running missing (never entered Running state)
13758,dlc17o0glg3hhvu2,gmt_job_running missing (never entered Running state)
13793,dlc1yvhqmc8aj8mv,gmt_job_running missing (never entered Running state)
13799,dlc1ni4078673lh7,gmt_job_running missing (never entered Running state)
13800,dlc16utrt09saqov,gmt_job_running missing (never entered Running state)
13802,dlcfdzdhgwt90dfj,gmt_job_running missing (never entered Running state)
13803,dlcuxcmx0i95isgp,gmt_job_running missing (never entered Running state)
13811,dlcekafb8dynt6id,gmt_job_running missing (never entered Running state)
13812,dlc40snwkjp6jsj6,gmt_job_running missing (never entered Running state)
13813,dlc1ar24uc9rf19u,gmt_job_running missing (never entered Running state)
13827,dlc1ron75wbjlk6d,gmt_job_running missing (never entered Running state)
13831,dlc1hz47wk3rxx9v,gmt_job_running missing (never entered Running state)
13838,dlcwc6ww419epsxn,gmt_job_running missing (never entered Running state)
13847,dlc10841dw9rdqcp,gmt_job_running missing (never entered Running state)
13854,dlc1kre7esxo1uy2,gmt_job_running missing (never entered Running state)
13855,dlc1u70ef8yac4nc,gmt_job_running missing (never entered Running state)
13858,dlcw2fqx0weghd13,gmt_job_running missing (never entered Running state)
13866,dlc1c5v0908xbbbj,gmt_job_running missing (never entered Running state)
13867,dlc1ijlo1wyj5j21,gmt_job_running missing (never entered Running state)
13871,dlcd7cz5wxorvht5,gmt_job_running missing (never entered Running state)
13910,dlc73zyf8skd463d,gmt_job_running missing (never entered Running state)
13917,dlcz4wcn8njysist,gmt_job_running missing (never entered Running state)
13925,dlc1eyc0lgrdf1qf,gmt_job_running missing (never entered Running state)
13928,dlcobgef8kf7ycwg,gmt_job_running missing (never entered Running state)
13943,dlcfzwsn8c08izs1,gmt_job_running missing (never entered Running state)
13946,dlcsrfitga6u223n,gmt_job_running missing (never entered Running state)
13947,dlc1g2heys399g6y,gmt_job_running missing (never entered Running state)
13953,dlctbg45gwfn5qmm,gmt_job_running missing (never entered Running state)
13954,dlcyv7zt09p3y0qv,gmt_job_running missing (never entered Running state)
13960,dlc1jedy4k8c3bk0,gmt_job_running missing (never entered Running state)
13963,dlc1tdzbwka0nssy,gmt_job_running missing (never entered Running state)
13965,dlc5qg16sj0nhlf2,gmt_job_running missing (never entered Running state)
13967,dlcew2mtgsvomonr,gmt_job_running missing (never entered Running state)
13968,dlcrnjyf86a1iv7e,gmt_job_running missing (never entered Running state)
13980,dlc1upxj81tf4uq1,gmt_job_running missing (never entered Running state)
13983,dlc1455wck5opaly,gmt_job_running missing (never entered Running state)
13984,dlc1k8icjolf6sxo,gmt_job_running missing (never entered Running state)
13994,dlc4wr30km83whbm,gmt_job_running missing (never entered Running state)
14005,dlc1u8c5qc8i886v,gmt_job_running missing (never entered Running state)
14014,dlcgui1vo8uqdr1r,gmt_job_running missing (never entered Running state)
14027,dlc1o4qpl0ssc4im,gmt_job_running missing (never entered Running state)
14028,dlc1oeqays3ikelr,gmt_job_running missing (never entered Running state)
14029,dlc2f4kjo6dwt6ez,gmt_job_running missing (never entered Running state)
14030,dlc7ex9fo4tzrx1z,gmt_job_running missing (never entered Running state)
14032,dlcoc8hs4t9ahd19,gmt_job_running missing (never entered Running state)
14033,dlc1dl7jlwbruw0j,gmt_job_running missing (never entered Running state)
14035,dlc1tojzt0y0276p,gmt_job_running missing (never entered Running state)
14036,dlcd8q51gn6fermk,gmt_job_running missing (never entered Running state)
14037,dlcoc9wcki1cnykh,gmt_job_running missing (never entered Running state)
14038,dlctw1s04pfpqtvd,gmt_job_running missing (never entered Running state)
14047,dlchelgck6k4ol6b,gmt_job_running missing (never entered Running state)
14054,dlc1ten7k4umgrmk,gmt_job_running missing (never entered Running state)
14063,dlc1jp48ashkwm9y,gmt_job_running missing (never entered Running state)
14064,dlccowkjovww636w,gmt_job_running missing (never entered Running state)
14070,dlc1rgvo5g498rbl,gmt_job_running missing (never entered Running state)
14071,dlc1x0njt0yjg9f5,gmt_job_running missing (never entered Running state)
14073,dlcisqg3oc0q1dyc,gmt_job_running missing (never entered Running state)
14074,dlckqnls4vyr1uf6,gmt_job_running missing (never entered Running state)
14075,dlc159tk3opziayb,gmt_job_running missing (never entered Running state)
14076,dlc1bnk7wkxwe2i3,gmt_job_running missing (never entered Running state)
14078,dlc1rqwo3odcy6tk,gmt_job_running missing (never entered Running state)
14081,dlc8t6gw4petuul1,gmt_job_running missing (never entered Running state)
14082,dlcguuozokar51g4,gmt_job_running missing (never entered Running state)
14083,dlc1mh5seccbvnaf,gmt_job_running missing (never entered Running state)
14091,dlcbv3eo48d7eplz,gmt_job_running missing (never entered Running state)
14092,dlcmonklgvku5ruy,gmt_job_running missing (never entered Running state)
14093,dlcmonklgp1u18jp,gmt_job_running missing (never entered Running state)
14094,dlcmonklgzc9d31t,gmt_job_running missing (never entered Running state)
14102,dlc16dyyh0i6fgsm,gmt_job_running missing (never entered Running state)
14117,dlc1p9plvod0m2hr,gmt_job_running missing (never entered Running state)
14123,dlcp7etj8eh039xl,gmt_job_running missing (never entered Running state)
14128,dlc1hsaeisi7g5d8,gmt_job_running missing (never entered Running state)
14132,dlc3kg3ycuqb5wld,gmt_job_running missing (never entered Running state)
14143,dlc4ohamcp1v9g1b,gmt_job_running missing (never entered Running state)
14148,dlct3hkastelknab,gmt_job_running missing (never entered Running state)
14150,dlc16ey2o47mbokg,gmt_job_running missing (never entered Running state)
14153,dlcbm8jr8mjku0hp,gmt_job_running missing (never entered Running state)
14166,dlc1pucoass4xus6,gmt_job_running missing (never entered Running state)
14167,dlc1vy3qpwwewvdq,gmt_job_running missing (never entered Running state)
14171,dlcstrsw4v1d443u,gmt_job_running missing (never entered Running state)
14177,dlcx9pipw2ih91xm,gmt_job_running missing (never entered Running state)
14182,dlcy3r404m64pis2,gmt_job_running missing (never entered Running state)
14188,dlcqc6ozorqjmhkl,gmt_job_running missing (never entered Running state)
14200,dlc1gp8c1w1q7ecm,gmt_job_running missing (never entered Running state)
14214,dlca96vwkvbzohqg,gmt_job_running missing (never entered Running state)
14262,dlcd36olgftrwj3m,gmt_job_running missing (never entered Running state)
14268,dlc1i9qakk0dnpm4,gmt_job_running missing (never entered Running state)
14274,dlc6k3kzofg48y1q,gmt_job_running missing (never entered Running state)
14280,dlciht5acuppfg4r,gmt_job_running missing (never entered Running state)
14285,dlc194sz5w47m4j9,gmt_job_running missing (never entered Running state)
14286,dlc13b2wp0lmid2f,gmt_job_running missing (never entered Running state)
14288,dlcds72mcwv8m5qd,gmt_job_running missing (never entered Running state)
14292,dlc1ye0gecw54lws,gmt_job_running missing (never entered Running state)
14299,dlchoe138sfkk3ip,gmt_job_running missing (never entered Running state)
14301,dlcz5og780mduc2h,gmt_job_running missing (never entered Running state)
14310,dlcz5snwk1crbgeq,gmt_job_running missing (never entered Running state)
14313,dlchek1z8s2oo9m1,gmt_job_running missing (never entered Running state)
14334,dlced6s5gffhsjll,gmt_job_running missing (never entered Running state)
14362,dlcgvttdwkqsruos,gmt_job_running missing (never entered Running state)
14371,dlc1qo318k9dymxn,gmt_job_running missing (never entered Running state)
14391,dlc1q4f30k13pv8n,gmt_job_running missing (never entered Running state)
14394,dlcsy804lgjx48ne,gmt_job_running missing (never entered Running state)
14397,dlc133e6tgg3vspe,gmt_job_running missing (never entered Running state)
14398,dlc151bchwxsgp5v,gmt_job_running missing (never entered Running state)
14399,dlc16p8wskffsqtn,gmt_job_running missing (never entered Running state)
14400,dlc1836vpgqzujr9,gmt_job_running missing (never entered Running state)
14401,dlc1ab3mro0gk7jb,gmt_job_running missing (never entered Running state)
14435,dlcl2fthgp0oftyk,gmt_job_running missing (never entered Running state)
14439,dlc1w8k744ilplye,gmt_job_running missing (never entered Running state)
14459,dlcxa7sas6lbsenz,gmt_job_running missing (never entered Running state)
14464,dlc13xzg1wtxyve6,gmt_job_running missing (never entered Running state)
14506,dlc1k1ojd01egh8b,gmt_job_running missing (never entered Running state)
14515,dlc12um58kwgbkul,gmt_job_running missing (never entered Running state)
14524,dlcdvqwhwq9cnb6s,gmt_job_running missing (never entered Running state)
14529,dlc289czop8z71lj,gmt_job_running missing (never entered Running state)
14540,dlce5upl0j602dqn,gmt_job_running missing (never entered Running state)
14554,dlcjzrsw4hyizqnf,gmt_job_running missing (never entered Running state)
14559,dlc1xdsxl018pcxe,gmt_job_running missing (never entered Running state)
14561,dlcs1iu4k4zyg5q1,gmt_job_running missing (never entered Running state)
14563,dlc19ssumclq1oei,gmt_job_running missing (never entered Running state)
14564,dlc1pm5pfo86wn5c,gmt_job_running missing (never entered Running state)
14566,dlc4qicjort7u5np,gmt_job_running missing (never entered Running state)
14577,dlcd2sn44hpyjmb1,gmt_job_running missing (never entered Running state)
14580,dlc1dzdg5gn6fe6e,gmt_job_running missing (never entered Running state)
14586,dlcv499tw7cf8vw7,gmt_job_running missing (never entered Running state)
14626,dlc1ux6xvod1a7tv,gmt_job_running missing (never entered Running state)
14627,dlc1yj1nuspbxldc,gmt_job_running missing (never entered Running state)
14634,dlc1wl5wqsflet6y,gmt_job_running missing (never entered Running state)
14641,dlc1g0dtw5a6448j,gmt_job_running missing (never entered Running state)
14644,dlc1m1pjwkc6glf8,gmt_job_running missing (never entered Running state)
14656,dlcc9orgkrsg5sp1,gmt_job_running missing (never entered Running state)
14665,dlc83xnusa02q8e7,gmt_job_running missing (never entered Running state)
14672,dlc84639gvghf28j,gmt_job_running missing (never entered Running state)
14685,dlc1ayv2tg9ap53b,gmt_job_running missing (never entered Running state)
14690,dlc1k4lw5gmmeehm,gmt_job_running missing (never entered Running state)
14691,dlc7amrd0jg04ao2,gmt_job_running missing (never entered Running state)
14697,dlc98qxvo91w7sx4,gmt_job_running missing (never entered Running state)
14703,dlc6qyt50qxp98hw,gmt_job_running missing (never entered Running state)
14710,dlc3fex38ldsujuh,gmt_job_running missing (never entered Running state)
14711,dlc1mn6490t3pk7m,gmt_job_running missing (never entered Running state)
14716,dlcwkdwjosvd28bn,gmt_job_running missing (never entered Running state)
14725,dlc861iis60q4f70,gmt_job_running missing (never entered Running state)
14726,dlcb85h50c0dux5k,gmt_job_running missing (never entered Running state)
14748,dlc1e77saskr6daa,gmt_job_running missing (never entered Running state)
14802,dlcu8uiv8ndiaoyd,gmt_job_running missing (never entered Running state)
14803,dlc1n3oao497039q,gmt_job_running missing (never entered Running state)
14808,dlc1ei3oxw94bvto,gmt_job_running missing (never entered Running state)
14811,dlc1qplts4m4tjwx,gmt_job_running missing (never entered Running state)
14812,dlc63y29wkyyed7o,gmt_job_running missing (never entered Running state)
14821,dlcc7rxtw3xpoko9,gmt_job_running missing (never entered Running state)
14822,dlcj5hsecxbi2stj,gmt_job_running missing (never entered Running state)
14824,dlcrh5lvogqutny5,gmt_job_running missing (never entered Running state)
14839,dlctz4rgknhfosx6,gmt_job_running missing (never entered Running state)
14842,dlc12urrpgffshcr,gmt_job_running missing (never entered Running state)
14856,dlc1hk924kj6304x,gmt_job_running missing (never entered Running state)
14865,dlcdlyc5griczk4c,gmt_job_running missing (never entered Running state)
14868,dlc1rty8zo0ga25v,gmt_job_running missing (never entered Running state)
14872,dlc7sb2tgpp13a2c,gmt_job_running missing (never entered Running state)
14881,dlc1a2v9c40n10p4,gmt_job_running missing (never entered Running state)
14892,dlcjqbvno3u6n7bg,gmt_job_running missing (never entered Running state)
14894,dlc1oio6x0z2z2hq,gmt_job_running missing (never entered Running state)
14908,dlcqo34skpg3ygt7,gmt_job_running missing (never entered Running state)
14913,dlc1l6ugw4fatb2b,gmt_job_running missing (never entered Running state)
14914,dlc1soji844c4y3p,gmt_job_running missing (never entered Running state)
14915,dlc1y8bdvoydyrm6,gmt_job_running missing (never entered Running state)
14919,dlc1axawasev1qdq,gmt_job_running missing (never entered Running state)
14923,dlc1q6okckhf1cwx,gmt_job_running missing (never entered Running state)
14926,dlc6ezkzo4bhmqes,gmt_job_running missing (never entered Running state)
14927,dlcjgghz84x7mvwn,gmt_job_running missing (never entered Running state)
14930,dlc5l3lz87nrtvbo,gmt_job_running missing (never entered Running state)
14945,dlcal1x50iaw819k,gmt_job_running missing (never entered Running state)
14946,dlcm8kv7oy4mds0e,gmt_job_running missing (never entered Running state)
14948,dlc659tl06vmgy86,gmt_job_running missing (never entered Running state)
14954,dlcloohl0tau32c7,gmt_job_running missing (never entered Running state)
14978,dlc1lrixvoyq5q9l,gmt_job_running missing (never entered Running state)
14984,dlckv2cjo883dayi,gmt_job_running missing (never entered Running state)
14994,dlc1dfxxj8vk2a5v,gmt_job_running missing (never entered Running state)
15001,dlc6zpgjo98hig6x,gmt_job_running missing (never entered Running state)
15002,dlck16dj85l0djwl,gmt_job_running missing (never entered Running state)
15003,dlcrsv090hvpvn8l,gmt_job_running missing (never entered Running state)
15008,dlc9hn7k4cu7gt14,gmt_job_running missing (never entered Running state)
15024,dlc1mvoc90ku78y2,gmt_job_running missing (never entered Running state)
15026,dlc1yt6vpgburbuh,gmt_job_running missing (never entered Running state)
15058,dlc186fh8k6ca97y,gmt_job_running missing (never entered Running state)
15060,dlc344z5wq261k32,gmt_job_running missing (never entered Running state)
15074,dlc1wlh5hgwehad3,gmt_job_running missing (never entered Running state)
15077,dlccjskqsyd3ndp0,gmt_job_running missing (never entered Running state)
15080,dlcjri0p0h3m99e3,gmt_job_running missing (never entered Running state)
15085,dlc1hm4hdwuaku1l,gmt_job_running missing (never entered Running state)
15094,dlcqpaoecruew9p7,gmt_job_running missing (never entered Running state)
15101,dlc9s296sascks6l,gmt_job_running missing (never entered Running state)
15125,dlc1q81q84sx2t6w,gmt_job_running missing (never entered Running state)
15129,dlczl7imcsmhwpes,gmt_job_running missing (never entered Running state)
15146,dlc15f0e848ckbvt,gmt_job_running missing (never entered Running state)
15149,dlc1ighb7ouftdvl,gmt_job_running missing (never entered Running state)
15157,dlcck80zoqqr934m,gmt_job_running missing (never entered Running state)
15159,dlcploxz8tvjp156,gmt_job_running missing (never entered Running state)
15161,dlc1f4nl6sag865y,gmt_job_running missing (never entered Running state)
15162,dlc5mjkzokm4rl5e,gmt_job_running missing (never entered Running state)
15165,dlc1t04ow4ruh741,gmt_job_running missing (never entered Running state)
15176,dlcmjxmh0ik4f2da,gmt_job_running missing (never entered Running state)
15183,dlc1h2qd5093ejql,gmt_job_running missing (never entered Running state)
15200,dlc12xfabouln0kf,gmt_job_running missing (never entered Running state)
15222,dlc1liv3t0xapmip,gmt_job_running missing (never entered Running state)
15225,dlcjsfqbougnr6z5,gmt_job_running missing (never entered Running state)
15228,dlc19vdkas66efxz,gmt_job_running missing (never entered Running state)
15236,dlc10fsrus9jnm11,gmt_job_running missing (never entered Running state)
15237,dlc1afe5mshi1cfk,gmt_job_running missing (never entered Running state)
15242,dlc1pot890xk6i1v,gmt_job_running missing (never entered Running state)
15250,dlc1qiutj8dxydvt,gmt_job_running missing (never entered Running state)
15252,dlce8uvicbys4txo,gmt_job_running missing (never entered Running state)
15257,dlc1bthqtgcxgg4e,gmt_job_running missing (never entered Running state)
15265,dlcv68wzo72w5ag1,gmt_job_running missing (never entered Running state)
15268,dlc1wmq3noaylngp,gmt_job_running missing (never entered Running state)
15277,dlc1sgxlhgk4e844,gmt_job_running missing (never entered Running state)
15280,dlckcrk7810toj4d,gmt_job_running missing (never entered Running state)
15285,dlcrui03omu27kth,gmt_job_running missing (never entered Running state)
15293,dlcz28umcltyps6v,gmt_job_running missing (never entered Running state)
15298,dlc6hg2roxzj6tn4,gmt_job_running missing (never entered Running state)
15299,dlc8zcf7ocgvm4wt,gmt_job_running missing (never entered Running state)
15304,dlcmutix0jq1w0u2,gmt_job_running missing (never entered Running state)
15307,dlc1n7cc1wmbe96b,gmt_job_running missing (never entered Running state)
15309,dlc8fg1l0ql9b2oh,gmt_job_running missing (never entered Running state)
15315,dlc6hkah0jni7z85,gmt_job_running missing (never entered Running state)
15329,dlc7vpa848lgnojo,gmt_job_running missing (never entered Running state)
15334,dlc1tbd8g419b3ik,gmt_job_running missing (never entered Running state)
15336,dlczmnhmsk53l146,gmt_job_running missing (never entered Running state)
15338,dlc1bu711gw9fv8z,gmt_job_running missing (never entered Running state)
15342,dlc1i48p0eq44fma,gmt_job_running missing (never entered Running state)
15343,dlccboemcxtqypju,gmt_job_running missing (never entered Running state)
15351,dlc3q57gkvw0teqx,gmt_job_running missing (never entered Running state)
15354,dlc1fg7dac2jied1,gmt_job_running missing (never entered Running state)
15378,dlc17yz6rowuadgk,gmt_job_running missing (never entered Running state)
15380,dlc1f6q1acxdgokm,gmt_job_running missing (never entered Running state)
15382,dlchw45xg3y7gay5,gmt_job_running missing (never entered Running state)
15399,dlcky3wuc415wopw,gmt_job_running missing (never entered Running state)
15417,dlc05169wt682q5x,gmt_job_running missing (never entered Running state)
15418,dlc05169werxoah8,gmt_job_running missing (never entered Running state)
15420,dlc4kuoec43pdy9p,gmt_job_running missing (never entered Running state)
15421,dlcaem5fo2wc1l7u,gmt_job_running missing (never entered Running state)
15431,dlc1ryilfo6lrhg4,gmt_job_running missing (never entered Running state)
15435,dlc1xibvnowsfgky,gmt_job_running missing (never entered Running state)
15438,dlc1hz00sk92ddfa,gmt_job_running missing (never entered Running state)
15452,dlcp4hhj8tz8ilb8,gmt_job_running missing (never entered Running state)
15457,dlc1jofesxly6wuh,gmt_job_running missing (never entered Running state)
15465,dlc193wohwp4harn,gmt_job_running missing (never entered Running state)
15466,dlc1m5dlhg0thn8x,gmt_job_running missing (never entered Running state)
15469,dlc1sj5nuspnksb2,gmt_job_running missing (never entered Running state)
15470,dlcu4leysceqkfmw,gmt_job_running missing (never entered Running state)
15474,dlc6tp5386gu637b,gmt_job_running missing (never entered Running state)
15475,dlc1d00ttw378c0h,gmt_job_running missing (never entered Running state)
15476,dlc18ka4ucmcy9jl,gmt_job_running missing (never entered Running state)
15477,dlc10inbb8as7fv8,gmt_job_running missing (never entered Running state)
15479,dlcebo0ec7zsaynf,gmt_job_running missing (never entered Running state)
15480,dlcmnd8g4bnbv59g,gmt_job_running missing (never entered Running state)
15497,dlc1ln5m9wxr7yd7,gmt_job_running missing (never entered Running state)
15499,dlc19zwi6c5lbfys,gmt_job_running missing (never entered Running state)
15520,dlc1d57nk4j9mmmr,gmt_job_running missing (never entered Running state)
15521,dlc14jn1tw7priq3,gmt_job_running missing (never entered Running state)
15522,dlc5b40sksyj26o1,gmt_job_running missing (never entered Running state)
15552,dlc14wwmx0d21dc9,gmt_job_running missing (never entered Running state)
15567,dlc6ssu84tashh50,gmt_job_running missing (never entered Running state)
15569,dlcuntx50gpgvxu8,gmt_job_running missing (never entered Running state)
15570,dlc1o2mvpg03ydd0,gmt_job_running missing (never entered Running state)
15571,dlc4ux3447q45280,gmt_job_running missing (never entered Running state)
15576,dlczxrtokqxcdaru,gmt_job_running missing (never entered Running state)
15582,dlcpo9nnov4vzg8j,gmt_job_running missing (never entered Running state)
15608,dlc1lw0hdwrhugld,gmt_job_running missing (never entered Running state)
15612,dlcwn71twfqd3097,gmt_job_running missing (never entered Running state)
15619,dlc1m6cpvojrrwdz,gmt_job_running missing (never entered Running state)
15631,dlciia0p0kbyvjey,gmt_job_running missing (never entered Running state)
15632,dlcu5syrol1pdhsj,gmt_job_running missing (never entered Running state)
15635,dlc1fiz3t02rm8do,gmt_job_running missing (never entered Running state)
15637,dlc13ljdhg1m3cch,gmt_job_running missing (never entered Running state)
15638,dlc1atd1501dasgh,gmt_job_running missing (never entered Running state)
15639,dlcylz404wutwpet,gmt_job_running missing (never entered Running state)
15642,dlc6l6xhgm3p08hq,gmt_job_running missing (never entered Running state)
15657,dlcnjvbpgm99liun,gmt_job_running missing (never entered Running state)
15662,dlc3avzlwuadk7qn,gmt_job_running missing (never entered Running state)
15665,dlc3kye4kol15mkr,gmt_job_running missing (never entered Running state)
15667,dlc115o2kkfjwb6z,gmt_job_running missing (never entered Running state)
15673,dlc1jr2hhggtj8m2,gmt_job_running missing (never entered Running state)
15680,dlc1abq4g4ye442o,gmt_job_running missing (never entered Running state)
15686,dlc15w28lgnfl46h,gmt_job_running missing (never entered Running state)
15691,dlcgd6eisp6vfujr,gmt_job_running missing (never entered Running state)
15697,dlc8vwtmsydx16k4,gmt_job_running missing (never entered Running state)
15698,dlco5ahoknh82hay,gmt_job_running missing (never entered Running state)
15701,dlceptwxwt7g53zb,gmt_job_running missing (never entered Running state)
15702,dlcuj86bou4hmaoc,gmt_job_running missing (never entered Running state)
15703,dlcmhmrd0lcamu5s,gmt_job_running missing (never entered Running state)
15704,dlcmrnrb8hue0j9g,gmt_job_running missing (never entered Running state)
15705,dlcgny3gk3wycj22,gmt_job_running missing (never entered Running state)
15708,dlc18euwasat9b48,gmt_job_running missing (never entered Running state)
15710,dlc8mjpc44l5dtu2,gmt_job_running missing (never entered Running state)
15715,dlckua9l0p02lfk4,gmt_job_running missing (never entered Running state)
15716,dlc1tigw780hee0g,gmt_job_running missing (never entered Running state)
15720,dlc5uz01whj6egn2,gmt_job_running missing (never entered Running state)
15723,dlcn2b8ckupvm4co,gmt_job_running missing (never entered Running state)
15724,dlc1raocuc4q9332,gmt_job_running missing (never entered Running state)
15730,dlcfci0w4bz8gn9l,gmt_job_running missing (never entered Running state)
15733,dlc17xouf8jxue2z,gmt_job_running missing (never entered Running state)
15735,dlc1ocs3k43cys8l,gmt_job_running missing (never entered Running state)
15738,dlc18ji1vok537bp,gmt_job_running missing (never entered Running state)
15748,dlclu3qx0sc6u4v2,gmt_job_running missing (never entered Running state)
15752,dlc15ke8zoe1v3vg,gmt_job_running missing (never entered Running state)
15781,dlc18rjf2crt4ul0,gmt_job_running missing (never entered Running state)
15782,dlcn4ghs4dwo4jy9,gmt_job_running missing (never entered Running state)
15785,dlc1tuye4kf46opn,gmt_job_running missing (never entered Running state)
8169,dlc1uyze9wefdjps,anomalous timestamp: gmt_job_running predates gmt_job_submitted by ~11.5 days (single corrupted record)
