policy,n_jobs_completed,avg_jct_min,p95_jct_min,makespan_min,mean_gpu_utilization,fragmentation_rate,backfill_admissions,n_hosts,boot_rep
Oracle_SRPT,656,202.91262195121953,777.75,9047.0,0.5554144133874948,0.0018181818181818182,225,120,0
Oracle_SRPT,656,170.41402439024392,663.25,10115.0,0.2922053736200361,0.003694906307732911,22,120,1
Oracle_SRPT,656,103.20798780487806,357.0,10115.0,0.1832968229939035,0.004401204540189946,1,120,2
Oracle_SRPT,656,198.7282317073171,975.0,9047.0,0.30980486625400705,0.007389162561576354,2,120,3
Oracle_SRPT,656,120.42958841463414,399.25,10115.0,0.18179867049761084,0.006197790353004581,2,120,4
Oracle_SRPT,656,161.81513719512193,661.5,10687.0,0.48054165886903094,0.0015459363957597172,171,120,5
Oracle_SRPT,656,213.0041768292683,1440.0,10115.0,0.410976932979074,0.0029123643102991793,169,120,6
Oracle_SRPT,656,135.78018292682927,530.75,10115.0,0.31886196655132637,0.018477457501847747,21,120,7
Oracle_SRPT,656,139.65721036585364,608.0,10115.0,0.32681561006755644,0.01729176814417925,33,120,8
Oracle_SRPT,656,225.2234756097561,1001.0,10115.0,0.4577042923051575,0.002975557917109458,56,120,9
Oracle_SRPT,656,168.04051829268295,911.25,10115.0,0.2306399901136926,0.031126482213438736,13,120,10
Oracle_SRPT,656,129.66582317073173,453.5,6257.0,0.25428205076980437,0.005643075476134493,3,120,11
Oracle_SRPT,656,102.95210365853659,424.25,5583.0,0.25755462452982264,0.0067520372526193246,6,120,12
Oracle_SRPT,656,131.91260670731708,535.25,9047.0,0.2818358122858406,0.004435168275502218,16,120,13
Oracle_SRPT,656,92.69939024390244,295.0,6257.0,0.25956928240370786,0.007694421544380325,0,120,14
Oracle_SRPT,656,159.64134146341462,863.5,9047.0,0.3220558656644929,0.002366863905325444,110,120,15
Oracle_SRPT,656,103.99682926829269,393.25,9047.0,0.18394198122766295,0.017002947177510767,8,120,16
Oracle_SRPT,656,140.45338414634145,394.0,10115.0,0.27153100490196075,0.002579132473622509,5,120,17
Oracle_SRPT,656,132.67623475609756,651.0,9047.0,0.25801314086621707,0.0015105740181268882,1,120,18
Oracle_SRPT,656,208.219131097561,898.0,10115.0,0.4398896677788763,0.0021604938271604936,207,120,19
Oracle_SRPT,656,136.6108536585366,367.0,10115.0,0.2581272851787773,0.005549949545913219,0,120,20
Oracle_SRPT,656,111.70083841463415,397.0,9047.0,0.24023827189491917,0.005012531328320802,0,120,21
Oracle_SRPT,656,150.05719512195125,535.25,10115.0,0.20423707571263794,0.007375034143676591,14,120,22
Oracle_SRPT,656,126.88666158536587,700.0,10115.0,0.17000772367770636,0.00361794500723589,9,120,23
Oracle_SRPT,656,93.03629573170731,379.5,6257.0,0.3711314910633423,0.01583873290136789,10,120,24
Oracle_SRPT,656,127.06193597560976,397.0,9047.0,0.2639636804097123,0.006735896716250351,0,120,25
Oracle_SRPT,656,119.47932926829269,602.5,9047.0,0.15471390378025854,0.019567979669631513,1,120,26
Oracle_SRPT,656,137.53271341463415,627.5,9047.0,0.35409933311226566,0.004702627939142462,4,120,27
Oracle_SRPT,656,126.69466463414633,393.25,10115.0,0.2809043798401713,0.0036363636363636364,2,120,28
Oracle_SRPT,656,89.55128048780489,375.0,10115.0,0.0907392774756962,0.0038928326081978477,4,120,29
Oracle_SRPT,656,170.5175762195122,859.75,10115.0,0.32593495015653323,0.005115778136779752,53,120,30
Oracle_SRPT,656,119.77856707317072,622.0,9047.0,0.22558121246453702,0.0011723329425556857,11,120,31
Oracle_SRPT,656,191.6989481707317,902.5,10115.0,0.36298297083539294,0.005038387715930902,46,120,32
Oracle_SRPT,656,127.00707317073173,602.5,10115.0,0.28080105247981535,0.005363237445148708,14,120,33
Oracle_SRPT,656,151.13838414634148,602.5,10115.0,0.23087788659581476,0.018295739348370928,1,120,34
Oracle_SRPT,656,136.392881097561,394.0,10115.0,0.26422015673916627,0.016815286624203823,5,120,35
Oracle_SRPT,656,124.64740853658539,406.0,9047.0,0.2747030023764783,0.0103359173126615,24,120,36
Oracle_SRPT,656,163.76617378048783,898.0,10115.0,0.2924111643186687,0.005050505050505051,6,120,37
Oracle_SRPT,656,203.92179878048782,897.2525,10115.0,0.32187427397429563,0.0017595307917888563,68,120,38
Oracle_SRPT,656,138.10650914634147,535.25,10115.0,0.22182283222112378,0.002506265664160401,28,120,39
Oracle_SRPT,656,141.58028963414637,700.0,10115.0,0.21129039689405188,0.001951219512195122,26,120,40
Oracle_SRPT,656,149.2528201219512,753.0,6267.0,0.5963826907478328,0.01857896058247552,204,120,41
Oracle_SRPT,656,169.68227134146343,749.5,10115.0,0.3029642383423959,0.021464985242822646,23,120,42
Oracle_SRPT,656,190.07125000000002,1071.7525,10160.0,0.37570642224409445,0.004495055439017081,135,120,43
Oracle_SRPT,656,160.16733231707317,651.0,10115.0,0.258850057670127,0.001941276389225916,5,120,44
Oracle_SRPT,656,145.81974085365854,700.0,10115.0,0.23476910734882203,0.022465753424657533,36,120,45
Oracle_SRPT,656,152.2878963414634,515.0,10115.0,0.32933558040863403,0.005835156819839533,1,120,46
Oracle_SRPT,656,115.50847560975609,282.0,10115.0,0.16601957694842648,0.006934481109516977,9,120,47
Oracle_SRPT,656,113.0969512195122,397.5,9047.0,0.23277993856158588,0.006738260686460307,4,120,48
Oracle_SRPT,656,125.58783536585365,645.75,9047.0,0.2735726023359494,0.0028321318228630276,3,120,49
Oracle_SRPT,656,128.438368902439,608.0,10115.0,0.18469373970176303,0.004188969048173144,11,120,50
Oracle_SRPT,656,125.92001524390245,650.0,10115.0,0.2100226705388037,0.019577537351880475,0,120,51
Oracle_SRPT,656,105.17147865853657,307.0,9047.0,0.18301015414870486,0.00273224043715847,11,120,52
Oracle_SRPT,656,199.77670731707317,975.0,10115.0,0.4478547443977591,0.005330748727889508,84,120,53
Oracle_SRPT,656,125.92483231707317,419.25,10115.0,0.25448078554951387,0.005821311060491015,14,120,54
Oracle_SRPT,656,170.74792682926832,928.75,10115.0,0.2549750504613611,0.0065090041223692776,8,120,55
Oracle_SRPT,656,172.73698170731709,1047.0,10115.0,0.38805594517218645,0.021251819505094614,32,120,56
Oracle_SRPT,656,125.92643292682928,645.5,10115.0,0.226236513428901,0.01371769383697813,11,120,57
Oracle_SRPT,656,169.1947713414634,823.0,9047.0,0.31439294103017595,0.019916142557651992,40,120,58
Oracle_SRPT,656,157.94810975609758,776.0,10115.0,0.3300969887955181,0.005209761447765287,60,120,59
Oracle_SRPT,656,125.46596036585366,608.0,6257.0,0.3466061594347663,0.006034274680183442,30,120,60
Oracle_SRPT,656,102.41836890243901,393.25,9047.0,0.2514278179230683,0.006174305390643553,18,120,61
Oracle_SRPT,656,140.9855792682927,645.75,10115.0,0.28524026404679514,0.0031234983181162904,29,120,62
Oracle_SRPT,656,133.95509146341465,397.0,10115.0,0.26418111200362493,0.017135862913096694,0,120,63
Oracle_SRPT,656,108.38672256097561,310.0,10115.0,0.16408236735870824,0.0012009607686148918,5,120,64
Oracle_SRPT,656,236.99483231707316,1323.5,9047.0,0.5874387250838217,0.01837865055387714,177,120,65
Oracle_SRPT,656,113.20984756097562,406.0,10115.0,0.18317569307134612,0.017288444040036398,8,120,66
Oracle_SRPT,656,108.76009146341462,291.0,10115.0,0.16580390303180095,0.00500595947556615,0,120,67
Oracle_SRPT,656,108.02868902439026,394.75,5657.0,0.14970231939779624,0.0052415679124886054,1,120,68
Oracle_SRPT,656,152.98263719512195,854.0,10115.0,0.19963232307628936,0.010342598577892695,19,120,69
Oracle_SRPT,656,122.43256097560977,393.0,6257.0,0.31904229762665814,0.0031135012737050667,18,120,70
Oracle_SRPT,656,137.52849085365855,629.0,10115.0,0.3251797855907069,0.008414409676571128,30,120,71
Oracle_SRPT,656,139.3136280487805,541.75,10115.0,0.2577318658345691,0.004163605192260593,11,120,72
Oracle_SRPT,656,127.20527439024391,594.5,10115.0,0.25711269566650197,0.008203445447087777,15,120,73
Oracle_SRPT,656,164.36717987804877,651.0,10115.0,0.2867289164195091,0.003898635477582846,37,120,74
Oracle_SRPT,656,116.39105182926829,380.5,10115.0,0.21973059503213047,0.0047748976807639835,3,120,75
Oracle_SRPT,656,131.47059451219513,650.25,10115.0,0.17852364990113687,0.006236507555768769,3,120,76
Oracle_SRPT,656,140.33182926829267,602.5,10115.0,0.2911990237271378,0.006239081607187422,9,120,77
Oracle_SRPT,656,92.38196646341464,397.0,5657.0,0.1652932520918037,0.006826741996233522,8,120,78
Oracle_SRPT,656,104.01172256097561,602.5,5657.0,0.21077496722349878,0.010452961672473868,0,120,79
Oracle_SRPT,656,125.56207317073171,608.0,6257.0,0.4462817810718662,0.0030128731854286495,132,120,80
Oracle_SRPT,656,132.5636737804878,355.0,10115.0,0.3104761513428901,0.005316172355903749,8,120,81
Oracle_SRPT,656,150.35004573170733,650.0,10115.0,0.3092568164030318,0.0015011258443832875,185,120,82
Oracle_SRPT,656,142.2460213414634,700.0,6257.0,0.2753809117122156,0.004766839378238342,26,120,83
Oracle_SRPT,656,102.45375,357.0,9047.0,0.2064083605062452,0.006113092205807438,5,120,84
Oracle_SRPT,656,122.10298780487804,433.25,10115.0,0.2267337432031636,0.003066761028544468,5,120,85
Oracle_SRPT,656,117.54091463414633,355.0,6257.0,0.24853364565020514,0.0028328611898017,2,120,86
Oracle_SRPT,656,152.44153963414632,852.0,9047.0,0.283132855965145,0.004060186290900406,9,120,87
Oracle_SRPT,656,169.7935365853659,777.75,10115.0,0.22051625267754157,0.002504382669671926,16,120,88
Oracle_SRPT,656,127.30431402439025,373.5,9047.0,0.32681795415607384,0.0028922631959508315,0,120,89
Oracle_SRPT,656,152.4779573170732,650.0,10115.0,0.26859636266271225,0.019612773447322103,16,120,90
Oracle_SRPT,656,164.78585365853658,865.0,9047.0,0.36303910366235564,0.003929727230698105,22,120,91
Oracle_SRPT,656,155.81810975609756,830.75,6257.0,0.3736314943929467,0.006310807257428346,26,120,92
Oracle_SRPT,656,132.94158536585365,644.0,10115.0,0.22143326948426414,0.01753958587088916,11,120,93
Oracle_SRPT,656,173.03451219512198,865.0,9047.0,0.42531389779300677,0.005353817504655494,154,120,94
Oracle_SRPT,656,160.84524390243905,865.0,10115.0,0.3464312304333497,0.0027465667915106116,11,120,95
Oracle_SRPT,656,95.39003048780488,307.0,6257.0,0.23847880373981126,0.0045993706124425075,0,120,96
Oracle_SRPT,656,202.87108231707316,1044.25,10115.0,0.38977777537485586,0.0017204301075268817,224,120,97
Oracle_SRPT,656,140.73568597560978,713.25,10115.0,0.24304779720711822,0.003028773346794548,138,120,98
Oracle_SRPT,656,128.87903963414635,393.25,9047.0,0.326131977451089,0.004188774085450991,12,120,99
Oracle_SRPT,656,104.86521341463416,433.25,10115.0,0.1363434729774263,0.0020050125313283208,3,120,100
Oracle_SRPT,656,161.60320121951221,852.0,10115.0,0.29091535055198553,0.006766553890768487,2,120,101
Oracle_SRPT,656,132.89733231707316,651.0,10115.0,0.3143467642939529,0.01943364797334814,0,120,102
Oracle_SRPT,656,109.57283536585366,622.0,9047.0,0.20168599743008728,0.0031810294968189707,0,120,103
Oracle_SRPT,656,132.5466463414634,602.5,10115.0,0.24326438560718405,0.005420598273439069,7,120,104
Oracle_SRPT,656,156.35461890243903,753.0,10115.0,0.2560878861838852,0.006982903924873585,14,120,105
Oracle_SRPT,656,149.43676829268293,651.0,10115.0,0.29067767754160484,0.003268795574553684,3,120,106
Oracle_SRPT,656,136.111006097561,622.0,10115.0,0.2169404185203494,0.0032353734160150984,9,120,107
Oracle_SRPT,656,140.07878048780486,536.75,9047.0,0.43350045825503863,0.00650104481077316,60,120,108
Oracle_SRPT,656,154.22818597560976,852.0,10115.0,0.39978116555445714,0.003976143141153081,6,120,109
Oracle_SRPT,656,138.13350609756097,373.75,10115.0,0.22466954605371559,0.001734390485629336,3,120,110
Oracle_SRPT,656,135.4734298780488,777.75,9047.0,0.22307150505692502,0.006430041152263375,1,120,111
Oracle_SRPT,656,168.71094512195123,911.25,9047.0,0.30646375870454295,0.006172839506172839,6,120,112
Oracle_SRPT,656,132.9962195121951,755.0,6257.0,0.4642120008923341,0.0037567504108945763,68,120,113
Oracle_SRPT,656,140.37405487804878,644.0,10115.0,0.16718999835228207,0.006487695749440716,19,120,114
Oracle_SRPT,656,170.93856707317073,911.25,10115.0,0.23809938931454927,0.0033146353901070884,1,120,115
Oracle_SRPT,656,106.7479268292683,406.0,6257.0,0.3143455579750678,0.0031834460803820135,9,120,116
Oracle_SRPT,656,198.8239786585366,975.0,10115.0,0.32688229424122606,0.008223274358335409,102,120,117
Oracle_SRPT,656,137.91675304878052,700.0,10115.0,0.18561516518372048,0.005542957923910304,3,120,118
Oracle_SRPT,656,146.76743902439026,651.0,10115.0,0.23581244232987308,0.0022522522522522522,3,120,119
Oracle_SRPT,656,150.84375,650.25,10115.0,0.33472678056516725,0.020137784843667197,10,120,120
Oracle_SRPT,656,137.82859756097562,602.5,10115.0,0.21659284993409136,0.002824858757062147,8,120,121
Oracle_SRPT,656,110.54064024390244,453.5,6257.0,0.3693606860316446,0.007589556769884639,7,120,122
Oracle_SRPT,656,107.19609756097563,394.75,6257.0,0.2838721182275852,0.00291349170775437,5,120,123
Oracle_SRPT,656,160.10013719512196,460.0,10115.0,0.30265149942329866,0.004621309370988447,12,120,124
Oracle_SRPT,656,110.65198170731706,351.0,10115.0,0.23284427109078923,0.004203643157403083,2,120,125
Oracle_SRPT,656,100.47047256097562,315.25,10115.0,0.11810776178118304,0.0034277879341864715,0,120,126
Oracle_SRPT,656,103.00391768292684,515.0,9047.0,0.22729551232452744,0.005277044854881266,12,120,127
Oracle_SRPT,656,141.75850609756097,650.0,10115.0,0.24736931949250285,0.005735660847880299,9,120,128
Oracle_SRPT,656,130.26496951219514,609.5,9047.0,0.22291643293356905,0.0035421740092982067,3,120,129
Oracle_SRPT,656,143.58477134146344,394.75,10115.0,0.28778835063437136,0.0029216467463479417,10,120,130
Oracle_SRPT,656,146.77839939024392,700.0,9047.0,0.22953112104380832,0.0032171581769436996,5,120,131
Oracle_SRPT,656,122.88675304878049,393.5,9047.0,0.30395936268007806,0.0041759465478841875,14,120,132
Oracle_SRPT,656,173.22274390243905,880.765,10115.0,0.3495177675481958,0.002307692307692308,97,120,133
Oracle_SRPT,656,93.80905487804878,369.0,5657.0,0.12135070672028757,0.0048120989917506875,4,120,134
Oracle_SRPT,656,143.27696646341462,515.0,10115.0,0.26411476458230354,0.004976303317535545,8,120,135
Oracle_SRPT,656,129.9811737804878,394.75,9047.0,0.28155288585534805,0.00482111139304745,26,120,136
Oracle_SRPT,656,121.0590243902439,535.25,10115.0,0.2830199703410776,0.0025223572575097455,66,120,137
Oracle_SRPT,656,203.69756097560978,1173.25,9047.0,0.4732272875907297,0.001924310455420141,162,120,138
Oracle_SRPT,656,143.51304878048782,535.25,10115.0,0.19790019566650188,0.0034347399411187437,13,120,139
Oracle_SRPT,656,140.85766768292683,602.5,10115.0,0.2560273953699126,0.006379585326953748,5,120,140
Oracle_SRPT,656,181.4278048780488,650.25,10115.0,0.4751764304251114,0.004577706569008927,22,120,141
Oracle_SRPT,656,184.6046493902439,777.75,10115.0,0.30551876029823694,0.008695652173913044,15,120,142
Oracle_SRPT,656,137.2146036585366,609.75,6257.0,0.4944363363033403,0.0035545023696682463,15,120,143
Oracle_SRPT,656,195.26292682926828,1001.0,10115.0,0.43937904514747056,0.0020232675771370764,163,120,144
Oracle_SRPT,656,129.7125457317073,602.5,10115.0,0.21057921712802755,0.0059329575793533075,3,120,145
Oracle_SRPT,656,135.08320121951223,433.25,10115.0,0.20964957571263787,0.004494976203067161,2,120,146
Oracle_SRPT,656,127.10012195121952,602.5,10115.0,0.27290479588894384,0.004893564962074872,12,120,147
Oracle_SRPT,656,115.86516768292684,379.5,10115.0,0.23193515818091937,0.004611482591653216,1,120,148
Oracle_SRPT,656,133.2280030487805,645.5,9047.0,0.21086524193102682,0.018769787426503846,8,120,149
Oracle_SRPT,656,162.93359756097564,650.25,10115.0,0.3582688220876587,0.0045871559633027525,80,120,150
Oracle_SRPT,656,126.78144817073172,399.25,10115.0,0.15562080655791735,0.006759611322348965,7,120,151
Oracle_SRPT,656,132.50262195121948,644.0,10115.0,0.15580756817432848,0.006061966771441401,10,120,152
Oracle_SRPT,656,173.70685975609754,601.01,10115.0,0.3529662310512439,0.002728512960436562,89,120,153
Oracle_SRPT,656,171.25862804878048,753.0,10115.0,0.2944534282830781,0.001961265015935278,12,120,154
Oracle_SRPT,656,141.4825762195122,644.0,10115.0,0.1931276188416542,0.00467687074829932,5,120,155
Oracle_SRPT,656,136.52524390243903,645.5,10115.0,0.2850737487642115,0.02016849629818739,0,120,156
Oracle_SRPT,656,108.27525914634147,397.0,10115.0,0.25520726746580974,0.0032976092333058533,7,120,157
Oracle_SRPT,656,115.89588414634149,627.5,5657.0,0.29999746810735956,0.0025581990278843694,23,120,158
Oracle_SRPT,656,136.51163109756098,854.0,9047.0,0.2828164435263992,0.009553379508000955,7,120,159
Oracle_SRPT,656,155.68056402439024,713.25,9047.0,0.25403322924726435,0.006633499170812604,0,120,160
Oracle_SRPT,656,126.83009146341465,401.25,10115.0,0.22725530462184865,0.007565522831667117,6,120,161
Oracle_SRPT,656,105.51791158536585,315.25,10115.0,0.1414240299060801,0.005463123913583313,0,120,162
Oracle_SRPT,656,136.08327743902439,433.25,10115.0,0.18796201289339265,0.004479019330504479,5,120,163
Oracle_SRPT,656,117.6899237804878,373.75,10115.0,0.14173401919591364,0.002336448598130841,1,120,164
Oracle_SRPT,656,211.77684451219514,1240.0,9047.0,0.5057099567996758,0.00123334977799704,253,120,165
Oracle_SRPT,656,114.09231707317075,622.0,9047.0,0.20622515175380415,0.006641366223908918,2,120,166
Oracle_SRPT,656,113.94300304878048,406.0,10115.0,0.21488394401878397,0.00781053162005543,11,120,167
Oracle_SRPT,656,133.27849085365855,898.0,5657.0,0.2946901239614636,0.0050873700508737,17,120,168
Oracle_SRPT,656,175.69411585365856,813.5,10115.0,0.3698429858708189,0.002730206006453214,68,120,169
Oracle_SRPT,656,102.82251524390244,367.0,10115.0,0.15289534828637338,0.005087620124364048,1,120,170
Oracle_SRPT,656,110.33609756097563,393.25,10115.0,0.1735466726396441,0.0034810860988628454,5,120,171
Oracle_SRPT,656,121.19896341463415,394.0,6257.0,0.398715208965958,0.0038570326562098224,11,120,172
Oracle_SRPT,656,155.7619817073171,460.0,10115.0,0.31204543376174004,0.0034221461745294547,11,120,173
Oracle_SRPT,656,141.98400914634146,401.25,10115.0,0.3067640292881859,0.007646356033452807,27,120,174
Oracle_SRPT,656,137.95984756097562,433.25,10115.0,0.247131973966057,0.016790123456790124,12,120,175
Oracle_SRPT,656,107.25384146341466,340.0,10115.0,0.2416414009721536,0.0019880715705765406,7,120,176
Oracle_SRPT,656,116.79199695121952,367.0,10115.0,0.1715454389108585,0.0031234983181162904,2,120,177
Oracle_SRPT,656,154.28448170731707,645.5,10420.0,0.357817323456494,0.005553841406973156,7,120,178
Oracle_SRPT,656,192.13824695121951,865.0,10115.0,0.4835498795106277,0.0032912781130005485,168,120,179
Oracle_SRPT,656,137.07108231707318,663.25,9047.0,0.3214620051306142,0.002394890899414582,121,120,180
Oracle_SRPT,656,161.73428353658534,753.0,10115.0,0.22966194286538155,0.006039255158530448,36,120,181
Oracle_SRPT,656,144.15471036585365,602.5,10115.0,0.166424700321305,0.0023957834211787254,3,120,182
Oracle_SRPT,656,175.3074237804878,852.0,9047.0,0.33167117437640475,0.00288953100689042,45,120,183
Oracle_SRPT,656,131.03443597560977,406.0,9047.0,0.14606740494086437,0.006872852233676976,1,120,184
Oracle_SRPT,656,138.78298780487808,453.5,10115.0,0.25690660219970335,0.001890359168241966,29,120,185
Oracle_SRPT,656,195.14894817073173,953.5025,9047.0,0.3507358401495891,0.004966021955044433,83,120,186
Oracle_SRPT,656,132.2828506097561,700.0,9047.0,0.2317852004347665,0.003953610964681075,5,120,187
Oracle_SRPT,656,159.1473018292683,556.0,10115.0,0.37710749814631744,0.018803418803418803,148,120,188
Oracle_SRPT,656,149.57867378048783,608.0,9047.0,0.30084450992041556,0.004723534315087524,0,120,189
Oracle_SRPT,656,210.99431402439026,976.0075000000002,9047.0,0.45071575522272583,0.002339728591483388,85,120,190
Oracle_SRPT,656,150.91251524390248,397.0,10115.0,0.3412353775333663,0.0019738465334320256,13,120,191
Oracle_SRPT,656,177.73719512195123,911.25,9047.0,0.4210814957076011,0.005963675792897805,28,120,192
Oracle_SRPT,656,109.20998475609758,254.0,9047.0,0.1282918198021443,0.017857142857142856,0,120,193
Oracle_SRPT,656,110.95227134146342,535.25,9047.0,0.2750499083489923,0.007072570725707257,1,120,194
Oracle_SRPT,656,124.07707317073171,425.01,9047.0,0.3125408100291074,0.0027014858171994596,54,120,195
Oracle_SRPT,656,130.4551524390244,398.25,9047.0,0.33977826788806603,0.03969128996692393,6,120,196
Oracle_SRPT,656,132.01018292682926,406.0,10115.0,0.18671715789256882,0.0054525627044711015,8,120,197
Oracle_SRPT,656,136.55867378048782,391.5,9047.0,0.32496311968055713,0.008968609865470852,13,120,198
Oracle_SRPT,656,133.8637195121951,541.75,9047.0,0.1577239117018533,0.019155077407504592,7,120,199
Oracle_SRPT,656,149.1014786585366,662.5,9047.0,0.37248857931726903,0.01883116883116883,15,120,200
Oracle_SRPT,656,138.13490853658536,852.0,10115.0,0.21641844929148132,0.0195492804778713,13,120,201
Oracle_SRPT,656,194.32089939024388,1303.0,10115.0,0.38492960640138413,0.017380352644836273,176,120,202
Oracle_SRPT,656,146.89740853658537,700.0,9047.0,0.28335974747614306,0.016902808849117573,8,120,203
Oracle_SRPT,656,107.1469969512195,399.25,9047.0,0.13733162120960915,0.006880733944954129,2,120,204
Oracle_SRPT,656,139.59987804878048,650.0,10115.0,0.17713620654144008,0.016262135922330098,6,120,205
Oracle_SRPT,656,134.22518292682926,515.0,9047.0,0.39862109792380535,0.0016965584100824044,21,120,206
Oracle_SRPT,656,170.70092987804878,663.25,7278.0,0.6035064506618119,0.0014941302027748132,170,120,207
Oracle_SRPT,656,140.2999542682927,650.0,9047.0,0.40068197791164667,0.02599594868332208,55,120,208
Oracle_SRPT,656,140.8484756097561,596.0,10115.0,0.23856641538968532,0.00924321201617562,11,120,209
Oracle_SRPT,656,118.47362804878051,535.25,9047.0,0.29575221873733476,0.020272072552680716,23,120,210
Oracle_SRPT,656,166.6154268292683,778.25,9047.0,0.2307210654544785,0.007301243915630071,7,120,211
Oracle_SRPT,656,154.7994512195122,753.0,10115.0,0.1425718724254407,0.0029981549815498157,4,120,212
Oracle_SRPT,656,110.70844512195123,346.75,10115.0,0.14849863136431052,0.004087521038711229,0,120,213
Oracle_SRPT,656,116.98896341463414,453.5,10115.0,0.19609717931290152,0.0026504108136761197,9,120,214
Oracle_SRPT,656,109.54673780487805,355.0,10115.0,0.17215709033613438,0.006096012192024384,5,120,215
Oracle_SRPT,656,144.26777439024391,645.5,10115.0,0.255128940105454,0.006367736800212258,33,120,216
Oracle_SRPT,656,142.0799695121951,645.75,10115.0,0.2932592004448839,0.007505175983436853,10,120,217
Oracle_SRPT,656,121.7888719512195,485.25250000000005,10115.0,0.36376302418026046,0.017975402081362345,61,120,218
Oracle_SRPT,656,111.11528963414635,379.75,10115.0,0.1167259700939199,0.004833375731366065,8,120,219
Oracle_SRPT,656,165.3948323170732,852.0,10115.0,0.33179952834074805,0.043697978596908445,67,120,220
Oracle_SRPT,656,109.71123475609757,375.0,9047.0,0.2080631539921153,0.0034021320027217057,1,120,221
Oracle_SRPT,656,155.48559451219512,663.25,9047.0,0.3649501641888654,0.005536332179930796,7,120,222
Oracle_SRPT,656,94.31318597560977,346.75,10115.0,0.12497314322787939,0.004502118644067797,6,120,223
Oracle_SRPT,656,158.46594512195122,393.0,10115.0,0.4075986251853683,0.004826254826254826,20,120,224
Oracle_SRPT,656,103.16557926829267,355.0,9047.0,0.2091708577428982,0.003271537622682661,0,120,225
Oracle_SRPT,656,117.44292682926829,399.25,9047.0,0.21005899745772075,0.001671541997492687,12,120,226
Oracle_SRPT,656,147.88646341463416,662.5,10115.0,0.3185364536991267,0.001955671447196871,38,120,227
Oracle_SRPT,656,147.1227286585366,865.0,10115.0,0.25435758774097866,0.0016222479721900347,10,120,228
Oracle_SRPT,656,172.1074237804878,753.0,10115.0,0.44398880478662045,0.008245877061469266,62,120,229
Oracle_SRPT,656,132.96289634146342,645.5,10115.0,0.20268644752018453,0.0023008340523439745,10,120,230
Oracle_SRPT,656,158.0754268292683,777.75,9047.0,0.3373865392763716,0.0036302032913843175,16,120,231
Oracle_SRPT,656,188.28780487804877,936.0100000000002,10115.0,0.35863582756632056,0.00601353044349787,78,120,232
Oracle_SRPT,656,146.5817225609756,651.0,9047.0,0.24871106444125135,0.007386888273314866,20,120,233
Oracle_SRPT,656,111.65028963414633,602.5,5657.0,0.28692489761946866,0.004524886877828055,23,120,234
Oracle_SRPT,656,131.2680030487805,397.0,10115.0,0.27703872343054864,0.0017994858611825194,8,120,235
Oracle_SRPT,656,110.42754573170731,453.5,10115.0,0.15987467869500743,0.006788389513108614,12,120,236
Oracle_SRPT,656,126.3849237804878,650.0,10115.0,0.2648535528917449,0.006513809275664409,2,120,237
Oracle_SRPT,656,108.78879573170731,627.5,5657.0,0.18187798118849804,0.007814469372321654,5,120,238
Oracle_SRPT,656,117.09373475609758,379.5,10115.0,0.20527275086505192,0.002437043054427295,8,120,239
Oracle_SRPT,656,124.45338414634148,650.0,6257.0,0.26247352298758725,0.0019806882891804903,0,120,240
Oracle_SRPT,656,179.71736280487804,823.0,10115.0,0.3397630797907399,0.004363001745200698,95,120,241
Oracle_SRPT,656,129.55583841463417,629.0,10115.0,0.1699876977261492,0.0044286979627989375,1,120,242
Oracle_SRPT,656,133.25890243902438,446.75,10115.0,0.2056878048278135,0.00379416646905383,7,120,243
Oracle_SRPT,656,156.43208841463414,645.5,7278.0,0.6217373792021619,0.0043756311006395154,31,120,244
Oracle_SRPT,656,175.29984756097562,865.0,9047.0,0.44380460603883426,0.003827751196172249,164,120,245
Oracle_SRPT,656,138.40033536585366,644.0,10115.0,0.28489552129675394,0.024899598393574297,25,120,246
Oracle_SRPT,656,165.45408536585367,651.0,10115.0,0.26345901198714783,0.003474232773595831,1,120,247
Oracle_SRPT,656,122.59217987804878,644.0,9047.0,0.265601990530931,0.0019329896907216496,28,120,248
Oracle_SRPT,656,97.54789634146343,644.0,5583.0,0.19347178003164375,0.006415001233654083,3,120,249
Oracle_SRPT,656,123.01934451219512,608.0,5583.0,0.2859849823123769,0.016171224732461357,13,120,250
Oracle_SRPT,656,113.22352134146342,627.5,10115.0,0.13910774324435657,0.007214335582964859,3,120,251
Oracle_SRPT,656,137.3513262195122,663.25,9047.0,0.329160925813345,0.005372576500817566,16,120,252
Oracle_SRPT,656,99.43993902439026,252.5,5657.0,0.25037729803782915,0.003336510962821735,7,120,253
Oracle_SRPT,656,171.27664634146342,651.0,10115.0,0.37284016209424936,0.0070213340534701595,10,120,254
Oracle_SRPT,656,119.30567073170732,361.5,10115.0,0.20548527455099685,0.03783639754862776,3,120,255
Oracle_SRPT,656,109.10891768292683,391.25,6257.0,0.2565251035506899,0.005479452054794521,17,120,256
Oracle_SRPT,656,112.09085365853659,535.25,10115.0,0.1460993573900148,0.015026455026455027,2,120,257
Oracle_SRPT,656,145.5634298780488,406.0,9047.0,0.30664215808186873,0.020046862796146838,14,120,258
Oracle_SRPT,656,128.1595274390244,406.0,10115.0,0.24107887934585603,0.004915212582944212,7,120,259
Oracle_SRPT,656,197.6719207317073,926.0,10115.0,0.3300616833498106,0.0021940516821062897,72,120,260
Oracle_SRPT,656,127.79376524390247,663.25,10115.0,0.14522668479156378,0.004116285052739903,0,120,261
Oracle_SRPT,656,144.9735975609756,602.5,10115.0,0.3186017198055692,0.019124967251768404,4,120,262
Oracle_SRPT,656,131.8165548780488,645.5,10115.0,0.21745488960290005,0.0024855012427506215,17,120,263
Oracle_SRPT,656,216.8000304878049,1005.0,10115.0,0.38179388284725635,0.017865765330758086,64,120,264
Oracle_SRPT,656,123.54036585365853,315.25,10115.0,0.23531559770967206,0.003080568720379147,9,120,265
Oracle_SRPT,656,103.25106707317074,355.0,10115.0,0.1975135555692865,0.0019856043683296105,21,120,266
Oracle_SRPT,656,107.65495426829267,380.5,10115.0,0.0967444492502884,0.004519505233111323,6,120,267
Oracle_SRPT,656,154.47791158536586,650.0,10115.0,0.32856177088482463,0.004084574723690533,12,120,268
Oracle_SRPT,656,170.14102134146344,898.0,9047.0,0.34787289985630593,0.014748649771499792,20,120,269
Oracle_SRPT,656,117.84547256097562,406.0,6257.0,0.43308702752916733,0.004103967168262654,20,120,270
Oracle_SRPT,656,110.98442073170732,260.75,9047.0,0.34478203640249067,0.001771255060728745,3,120,271
Oracle_SRPT,656,146.75388719512196,355.0,10115.0,0.39426924431537314,0.004058853373921867,8,120,272
Oracle_SRPT,656,159.48282012195125,676.5,10115.0,0.2972481730927666,0.006904487917146145,80,120,273
Oracle_SRPT,656,120.59216463414636,446.75,10115.0,0.23920009062448508,0.0049095607235142115,9,120,274
Oracle_SRPT,656,124.62300304878049,399.25,10115.0,0.2498455789668808,0.00316147859922179,5,120,275
Oracle_SRPT,656,142.73538109756097,515.0,10115.0,0.19528185759597955,0.007173601147776184,3,120,276
Oracle_SRPT,656,152.12260670731706,650.0,10115.0,0.2400507404432362,0.00937658388241257,7,120,277
Oracle_SRPT,656,150.1396951219512,367.0,10115.0,0.37149718446202,0.0011439029970258523,172,120,278
Oracle_SRPT,656,138.3851219512195,393.0,10115.0,0.3804807361179767,0.005155847199437544,4,120,279
Oracle_SRPT,656,216.61839939024387,1151.0,10115.0,0.4729221648953698,0.01543774121470648,171,120,280
Oracle_SRPT,656,94.72960365853659,351.0,9047.0,0.19590503643012425,0.007990314769975786,11,120,281
Oracle_SRPT,656,154.90638719512194,627.5,10115.0,0.33080086814137427,0.019153225806451613,74,120,282
Oracle_SRPT,656,135.7357317073171,406.0,9047.0,0.20742297400611626,0.0011531365313653136,9,120,283
Oracle_SRPT,656,134.90341463414637,596.0,10115.0,0.2802291718157852,0.0022766078542970974,9,120,284
Oracle_SRPT,656,161.4844054878049,898.0,6257.0,0.4114118320814023,0.0022609088853719197,119,120,285
Oracle_SRPT,656,127.57434451219513,303.25,10115.0,0.2686867482287032,0.021500122159784998,15,120,286
Oracle_SRPT,656,119.47039634146344,515.0,10115.0,0.15116459157192277,0.020524811639386853,4,120,287
Oracle_SRPT,656,136.3760213414634,627.5,9047.0,0.22180374594709107,0.005128205128205128,9,120,288
Oracle_SRPT,656,164.9918292682927,701.25,6267.0,0.576717031341418,0.0028328611898017,148,120,289
Oracle_SRPT,656,124.31056402439026,629.0,9047.0,0.2885853816642719,0.0064516129032258064,3,120,290
Oracle_SRPT,656,164.1623018292683,778.25,10115.0,0.2675566814961279,0.016215015548645045,11,120,291
Oracle_SRPT,656,188.96105182926829,951.0,10115.0,0.24833032830779378,0.00525164113785558,18,120,292
Oracle_SRPT,656,156.7644664634146,662.5,6267.0,0.6166809794026913,0.0013089005235602095,165,120,293
Oracle_SRPT,656,156.1232469512195,651.0,10115.0,0.26414525148294615,0.024161828057688704,16,120,294
Oracle_SRPT,656,172.30271341463416,650.0,10115.0,0.38878644855000805,0.01820046142014868,17,120,295
Oracle_SRPT,656,162.36823170731708,852.0,6257.0,0.6407255973309892,0.003397233681145353,203,120,296
Oracle_SRPT,656,132.3440701219512,400.75,10115.0,0.24178931145987806,0.002766546073632688,10,120,297
Oracle_SRPT,656,147.3761585365854,397.0,10115.0,0.30397708745262814,0.0026034886748242643,11,120,298
Oracle_SRPT,656,192.3592835365854,854.0,10115.0,0.30924503830944144,0.0013654984069185253,7,120,299
Oracle_SRPT,656,681.1466615853659,9126.2625,11198.02,0.3493421908376436,0.002927543303244694,472,64,0
Oracle_SRPT,656,623.4050457317073,8058.5375,10105.03,0.5671858741079938,0.0018055197317513542,601,64,1
Oracle_SRPT,656,628.4919207317073,8067.2775,9712.03,0.40848505627492404,0.0021892483580637314,580,64,2
Oracle_SRPT,656,757.8000762195122,8079.51,10125.0,0.40674638117283946,0.0015698587127158557,466,64,3
Oracle_SRPT,656,1018.4207317073173,11504.0175,12681.02,0.5502982631720477,0.002672497570456754,571,64,4
Oracle_SRPT,656,258.8206554878049,1050.0025,10757.0,0.2690967509528679,0.014413317092976045,411,64,5
Oracle_SRPT,656,722.6376067073172,8060.540000000001,9710.04,0.5366644706471344,0.015484739676840215,569,64,6
Oracle_SRPT,656,825.4185518292684,10939.0025,12650.01,0.618541746397335,0.0017663386323492304,606,64,7
Oracle_SRPT,656,493.6360518292683,5277.2675,6917.01,0.5083537890197498,0.0015702108568864963,523,64,8
Oracle_SRPT,656,807.5398780487806,9120.01,11412.01,0.6334527092373516,0.0023177955189286636,490,64,9
Oracle_SRPT,656,621.667393292683,7848.26,10638.0,0.5189378381891568,0.0029498525073746312,327,64,10
Oracle_SRPT,656,387.2904420731707,4163.2775,5835.030000000001,0.4730827554121401,0.0031691857630424185,577,64,11
Oracle_SRPT,656,778.2773475609756,8491.2575,10568.0,0.507321581439842,0.000949667616334283,482,64,12
Oracle_SRPT,656,300.607118902439,979.76,10172.02,0.28000625236862986,0.0020252025202520253,591,64,13
Oracle_SRPT,656,665.3155182926829,7918.532500000001,11420.03,0.501948929725885,0.003278688524590164,399,64,14
Oracle_SRPT,656,152.4676981707317,834.76,9077.0,0.32784164517805997,0.018666666666666668,205,64,15
Oracle_SRPT,656,405.175137195122,5229.26,7299.01,0.5607304374582992,0.0023546032493524842,364,64,16
Oracle_SRPT,656,677.4313567073171,8931.7675,11404.03,0.5401241175816794,0.0035743744844652188,589,64,17
Oracle_SRPT,656,572.792911585366,7848.26,10127.01,0.38541152686911045,0.0016806722689075631,600,64,18
Oracle_SRPT,656,485.04221036585375,4485.0,10107.0,0.35840033709619573,0.0035480349344978166,437,64,19
Oracle_SRPT,656,849.183155487805,9503.01,11540.02,0.49593401714750057,0.029492455418381344,604,64,20
Oracle_SRPT,656,596.8614939024392,6629.0,10788.02,0.4251150360973331,0.015852613538988862,598,64,21
Oracle_SRPT,656,829.5857164634148,9527.76,11787.01,0.5754833074715302,0.00127000254000508,488,64,22
Oracle_SRPT,656,613.5472713414634,6629.0,11165.01,0.3918183854207251,0.001626457034426674,460,64,23
Oracle_SRPT,656,534.0545579268294,4608.51,10171.02,0.3253340491999574,0.0026507620941020544,593,64,24
Oracle_SRPT,656,562.1625914634146,8010.01,10242.01,0.5292519352433019,0.0028018339276617422,607,64,25
Oracle_SRPT,656,274.8236737804878,881.275,10156.02,0.29576774030944214,0.017485214708151196,610,64,26
Oracle_SRPT,656,648.0271951219512,8070.01,9705.01,0.26961757783479867,0.02974726012077835,472,64,27
Oracle_SRPT,656,791.3402439024392,8103.27,10173.0,0.3638135048811807,0.015181518151815182,491,64,28
Oracle_SRPT,656,637.8834603658537,8065.02,10129.02,0.39198337464100674,0.01717967072297781,563,64,29
Oracle_SRPT,656,867.1934908536587,9711.26,10804.02,0.6681275721762595,0.001897083234526915,462,64,30
Oracle_SRPT,656,623.8428353658537,8060.0025000000005,9700.01,0.40916352188361144,0.002308876346844536,309,64,31
Oracle_SRPT,656,789.7290396341464,8921.27,10963.02,0.6136935291182312,0.0018467220683287165,572,64,32
Oracle_SRPT,656,454.15092987804877,5220.02,10127.0,0.45000686399908674,0.0036620455139942452,493,64,33
Oracle_SRPT,656,972.157469512195,10810.01,12842.050000000001,0.5596450311793094,0.016544117647058824,601,64,34
Oracle_SRPT,656,671.4567073170731,7961.0075,11405.03,0.524054706426682,0.0019006244909041542,603,64,35
Oracle_SRPT,656,784.5050457317074,8059.5175,10140.02,0.4307854622697982,0.01505423953951738,401,64,36
Oracle_SRPT,656,649.6449237804878,8057.02,10128.0,0.3923025315030114,0.017907634307257305,464,64,37
Oracle_SRPT,656,579.4730030487806,7811.02,10119.02,0.41989341104363365,0.0008071025020177562,589,64,38
Oracle_SRPT,656,504.6438109756099,5803.040000000001,7317.040000000001,0.3899152723685056,0.0032543003254300326,569,64,39
Oracle_SRPT,656,271.1045426829269,854.0,11570.0,0.48830418275983145,0.0038068046633357128,303,64,40
Oracle_SRPT,656,1032.0555640243902,11907.032500000001,13568.03,0.5437961516889336,0.0026072529035316427,600,64,41
Oracle_SRPT,656,428.52560975609754,4209.5,10137.0,0.4189882939664102,0.0023802439750074383,364,64,42
Oracle_SRPT,656,930.3951829268293,10584.26,12618.01,0.7181056952522624,0.0037780401416765055,476,64,43
Oracle_SRPT,656,910.2581554878052,11214.04,13311.03,0.5050385243830681,0.01628256513026052,558,64,44
Oracle_SRPT,656,557.6948475609756,7892.262500000001,9702.02,0.4209718738017959,0.017372992892866545,355,64,45
Oracle_SRPT,656,757.2558079268292,8068.530000000001,10120.03,0.5515237981322685,0.0013486176668914363,593,64,46
Oracle_SRPT,656,682.8726981707318,8073.27,9713.02,0.43113740427475183,0.0023084025854108957,462,64,47
Oracle_SRPT,656,747.9380792682929,8081.042500000001,10127.04,0.4046355934057483,0.002702702702702703,586,64,48
Oracle_SRPT,656,870.9470274390246,10347.0025,13793.01,0.5332161680082883,0.0018200728029121164,383,64,49
Oracle_SRPT,656,616.7341768292683,8044.280000000001,9177.03,0.3504692388223641,0.0187012987012987,601,64,50
Oracle_SRPT,656,615.9158079268293,6629.0,10247.01,0.3879509844518059,0.0035294117647058825,494,64,51
Oracle_SRPT,656,832.2178963414633,10326.03,11425.03,0.7170305707074731,0.0016806722689075631,586,64,52
Oracle_SRPT,656,670.1267073170732,8449.01,10743.02,0.543159860643818,0.0028475278281128655,509,64,53
Oracle_SRPT,656,751.8246798780488,9129.01,10221.01,0.4847529554014231,0.01419792328883238,387,64,54
Oracle_SRPT,656,335.58344512195123,3092.25,5151.01,0.3851489463656157,0.01688951442646024,442,64,55
Oracle_SRPT,656,275.74350609756095,997.2674999999999,10126.02,0.4754261387834264,0.003747072599531616,602,64,56
Oracle_SRPT,656,325.54577743902445,3907.2575,5657.0,0.3299777584740146,0.018717313515001378,601,64,57
Oracle_SRPT,656,709.7710823170733,9063.01,11531.02,0.5685386248489943,0.018513689700130377,609,64,58
Oracle_SRPT,656,651.4386890243903,8051.26,10558.0,0.5663068899915942,0.0028061224489795917,487,64,59
Oracle_SRPT,656,600.6447408536585,7621.01,10134.01,0.5720632414389762,0.018020441097364174,468,64,60
Oracle_SRPT,656,170.68562500000002,397.0,10078.0,0.36189541110587414,0.00275,343,64,61
Oracle_SRPT,656,1131.0500457317075,11553.5275,13639.03,0.6120718789202751,0.003472222222222222,581,64,62
Oracle_SRPT,656,577.4132774390242,7561.02,10099.02,0.2898852283439384,0.01869877049180328,595,64,63
Oracle_SRPT,656,702.9704725609756,8050.76,10120.0,0.35323199728260873,0.002420135527589545,455,64,64
Oracle_SRPT,656,730.4255945121952,8962.01,10888.01,0.5605499783276512,0.002686202686202686,420,64,65
Oracle_SRPT,656,331.4755182926829,2270.0,7314.01,0.45960486385888183,0.0012458471760797341,604,64,66
Oracle_SRPT,656,690.4387347560977,8046.77,10560.02,0.49968907640563187,0.003570517725070135,614,64,67
Oracle_SRPT,656,642.5563719512197,8019.76,10141.01,0.3178758301841976,0.0029563932002956393,469,64,68
Oracle_SRPT,656,620.6169054878048,8044.280000000001,9700.03,0.44340000591493023,0.0024443901246638962,591,64,69
Oracle_SRPT,656,983.8099542682926,10459.78,11695.03,0.5112536903363012,0.0036055143160127253,593,64,70
Oracle_SRPT,656,898.9478353658537,9396.02,11423.02,0.534101377976774,0.04156692056583243,570,64,71
Oracle_SRPT,656,696.7016463414635,8070.02,10123.02,0.3564439908680907,0.028545329984014614,396,64,72
Oracle_SRPT,656,649.995167682927,7230.5,11404.01,0.6263987233164036,0.019796215429403203,486,64,73
Oracle_SRPT,656,763.8710975609756,9346.27,11017.02,0.5034948978376186,0.0036231884057971015,602,64,74
Oracle_SRPT,656,623.3933536585366,8010.02,10137.02,0.3612071054751545,0.017526536657615402,593,64,75
Oracle_SRPT,656,615.8611585365854,8057.2675,10203.0,0.48035376199095864,0.002239920358387257,497,64,76
Oracle_SRPT,656,693.8858384146342,8281.2675,10313.02,0.614065439624499,0.0035514967021816335,591,64,77
Oracle_SRPT,656,892.3025762195124,9862.02,11892.02,0.5252320611453102,0.002511989038593286,491,64,78
Oracle_SRPT,656,811.7958841463416,9501.5125,11137.02,0.5322176798921526,0.0026833631484794273,478,64,79
Oracle_SRPT,656,638.8708079268292,8880.27,10224.02,0.43953112567573716,0.0018827326519634212,565,64,80
Oracle_SRPT,656,789.8513414634147,8075.77,9710.02,0.43379123044416995,0.004761904761904762,478,64,81
Oracle_SRPT,656,320.7283384146342,3747.76,10127.0,0.40228307332810803,0.01890634089586969,485,64,82
Oracle_SRPT,656,597.2620884146341,8058.01,10134.01,0.3506165535810848,0.00218161985274066,471,64,83
Oracle_SRPT,656,696.6526524390245,8067.7675,10092.02,0.40364532563537825,0.016704288939051917,488,64,84
Oracle_SRPT,656,701.8622256097561,9244.01,11771.0,0.6742392900852732,0.019398907103825136,344,64,85
Oracle_SRPT,656,802.8525609756098,9129.5125,11183.050000000001,0.4267969280937446,0.0020170327207530256,597,64,86
Oracle_SRPT,656,598.8900914634146,6629.0,11159.0,0.41366121411248763,0.0011305822498586771,503,64,87
Oracle_SRPT,656,750.1174237804878,9090.76,11209.01,0.5817608062899846,0.004929751047572098,483,64,88
Oracle_SRPT,656,666.9867073170733,8688.5275,10220.02,0.44267672283787113,0.002277327935222672,606,64,89
Oracle_SRPT,656,1027.2297103658539,11495.03,12587.03,0.6462955009541568,0.004393458628264584,588,64,90
Oracle_SRPT,656,722.3354420731708,9086.76,11193.01,0.43377513238451937,0.003417134488650232,489,64,91
Oracle_SRPT,656,457.1001981707317,5255.01,7308.02,0.4947627475961341,0.01714870744816995,521,64,92
Oracle_SRPT,656,186.7269817073171,623.5325,10117.0,0.4272221743877879,0.004263857536995234,451,64,93
Oracle_SRPT,656,359.98446646341466,3907.2575,10119.0,0.2646173909384573,0.020314192849404118,448,64,94
Oracle_SRPT,656,162.80309451219512,877.0100000000002,10115.0,0.2952667005221206,0.005182465990066941,518,64,95
Oracle_SRPT,656,740.0560213414634,9445.01,11535.0,0.48741540691374086,0.004113110539845758,494,64,96
Oracle_SRPT,656,616.5165701219513,8057.51,10119.01,0.4340014835011034,0.01730624529721595,379,64,97
Oracle_SRPT,656,1007.770929878049,10906.29,12948.04,0.7034755236120678,0.0021231422505307855,482,64,98
Oracle_SRPT,656,368.10192073170737,4771.012500000001,10115.0,0.3537347862858378,0.020936318697295727,356,64,99
Oracle_SRPT,656,722.980243902439,8351.29,10429.03,0.6255605016268292,0.0036719706242350062,570,64,100
Oracle_SRPT,656,529.0945884146342,5293.76,7347.01,0.6144415141967617,0.016269222197459327,610,64,101
Oracle_SRPT,656,812.2970731707317,9387.53,11416.03,0.632941671779178,0.0037669512807634357,598,64,102
Oracle_SRPT,656,733.8428201219511,9116.01,10202.01,0.37484363337163457,0.0016690510252742013,372,64,103
Oracle_SRPT,656,498.05339939024395,4594.26,10156.02,0.4081664049376626,0.002112676056338028,593,64,104
Oracle_SRPT,656,781.8001829268293,9478.26,11138.02,0.6158631931438443,0.0038600723763570566,609,64,105
Oracle_SRPT,656,487.3719817073171,4605.26,10157.0,0.22169458255390376,0.0036281179138321997,410,64,106
Oracle_SRPT,656,609.1211128048781,5798.52,10176.03,0.4290695861223632,0.0030574806359559724,608,64,107
Oracle_SRPT,656,656.1506097560978,8059.0075,10132.01,0.4781296537995669,0.002402691013935608,476,64,108
Oracle_SRPT,656,444.8053506097562,3736.01,10161.04,0.19471114323373895,0.0025375343624444912,593,64,109
Oracle_SRPT,656,716.6182012195121,9126.03,11160.02,0.3018605088885369,0.0022354694485842027,590,64,110
Oracle_SRPT,656,612.2485213414634,6649.75,11166.01,0.5182855225926718,0.0030203185063152112,471,64,111
Oracle_SRPT,656,242.22893292682926,2319.01,5657.0,0.2061936815007956,0.003158132190390255,616,64,112
Oracle_SRPT,656,934.9516920731706,9148.04,10220.04,0.3173509109461656,0.013712442024601734,592,64,113
Oracle_SRPT,656,427.22425304878044,5051.01,6930.02,0.5294455206298105,0.01818682832736291,474,64,114
Oracle_SRPT,656,619.7208689024391,8018.51,10138.0,0.3336857460791083,0.0018646776771443793,470,64,115
Oracle_SRPT,656,246.12271341463415,724.01,10632.01,0.49222739096076373,0.001708984375,606,64,116
Oracle_SRPT,656,683.867743902439,8071.01,10161.03,0.24441570899431464,0.015348837209302326,589,64,117
Oracle_SRPT,656,919.6201829268294,10586.03,12647.03,0.5219583082203886,0.002165543792107796,601,64,118
Oracle_SRPT,656,995.2611737804879,9406.7675,11571.01,0.6291360352699332,0.014748649771499792,612,64,119
Oracle_SRPT,656,601.5747408536586,7811.51,9726.01,0.33568510413699965,0.0026309495336044007,378,64,120
Oracle_SRPT,656,419.1055792682927,5199.0,7317.02,0.6843329431969915,0.018694120834462206,589,64,121
Oracle_SRPT,656,222.16739329268293,651.0,7327.030000000001,0.37057060679770665,0.0023084025854108957,601,64,122
Oracle_SRPT,656,413.7012195121951,5257.51,7329.01,0.5153453216225657,0.003430079155672823,350,64,123
Oracle_SRPT,656,589.5861890243903,5269.012500000001,10139.0,0.47463496076412875,0.015435274747890512,482,64,124
Oracle_SRPT,656,741.4172408536585,9488.0025,11144.01,0.5410394326329796,0.0014709487619514587,456,64,125
Oracle_SRPT,656,212.25423780487804,851.2574999999999,11168.0,0.23749051069461857,0.020497803806734993,226,64,126
Oracle_SRPT,656,611.5273780487806,8058.012500000001,9705.01,0.5103478448244773,0.0022982635342185904,468,64,127
Oracle_SRPT,656,766.1768140243903,9219.01,11507.01,0.59864337246926,0.037721324095458045,420,64,128
Oracle_SRPT,656,787.5290396341464,9598.01,11244.01,0.6166076148544871,0.003278688524590164,423,64,129
Oracle_SRPT,656,150.47246951219512,972.75,5657.0,0.25970752496906496,0.0028306742151312406,591,64,130
Oracle_SRPT,656,240.76173780487807,890.0,10139.01,0.31695356174135836,0.022250639386189257,604,64,131
Oracle_SRPT,656,650.2207774390245,7157.530000000001,10574.0,0.5928560823570788,0.0030620056136769582,346,64,132
Oracle_SRPT,656,544.5245274390244,6275.0,10775.01,0.5021758263594419,0.016902808849117573,354,64,133
Oracle_SRPT,656,536.5193292682927,5468.0,10089.0,0.4595353850728516,0.0023535564853556486,370,64,134
Oracle_SRPT,656,498.42650914634163,4606.0,10151.01,0.25614678867238333,0.03253012048192771,603,64,135
Oracle_SRPT,656,496.9340853658536,3951.5,10203.0,0.46569297939331566,0.0027760641579272056,462,64,136
Oracle_SRPT,656,998.7016006097563,10901.01,12965.01,0.6030313995129969,0.003416557161629435,464,64,137
Oracle_SRPT,656,263.25746951219514,1440.0,5657.0,0.37499422383219905,0.01667809001599269,612,64,138
Oracle_SRPT,656,844.5581859756098,8119.01,10119.01,0.4680304693838627,0.0012836970474967907,607,64,139
Oracle_SRPT,656,746.5491463414635,9420.52,11084.02,0.5505859413766395,0.002274450341167551,573,64,140
Oracle_SRPT,656,866.1023170731709,9684.042500000001,11317.050000000001,0.5642430903481915,0.016724738675958188,589,64,141
Oracle_SRPT,656,524.8347103658538,4044.5,10775.0,0.5559127012035964,0.0026026604973973396,484,64,142
Oracle_SRPT,656,597.1955945121952,5279.51,7387.01,0.7336093242140597,0.003053124363932424,371,64,143
Oracle_SRPT,656,819.9108841463413,9555.03,11204.02,0.501986758993647,0.0025575447570332483,590,64,144
Oracle_SRPT,656,427.15033536585366,4261.005,6231.02,0.43089573165789874,0.015161360190599956,477,64,145
Oracle_SRPT,656,933.3392225609758,10731.02,12778.02,0.5138438316587782,0.04826732673267327,426,64,146
Oracle_SRPT,656,537.2467378048781,4754.0,9128.01,0.3716907683910568,0.01727345203295243,486,64,147
Oracle_SRPT,656,778.8991920731709,9707.01,11763.01,0.4510690699462765,0.0030495552731893264,502,64,148
Oracle_SRPT,656,1151.0751676829268,10466.52,12566.01,0.6657520341580185,0.003389830508474576,600,64,149
Oracle_SRPT,656,761.7365701219514,8059.2675,10132.01,0.3591284596571904,0.003450655624568668,402,64,150
Oracle_SRPT,656,497.7621341463415,5268.76,10143.0,0.35890751703761214,0.002629691608893139,475,64,151
Oracle_SRPT,656,614.9141310975609,5800.27,7856.01,0.689432783288686,0.01504603637996856,380,64,152
Oracle_SRPT,656,470.3961128048781,4598.512500000001,10122.0,0.38901217451775844,0.0035194744251525107,518,64,153
Oracle_SRPT,656,684.5485823170732,9125.2675,10253.01,0.5340563710071481,0.0026226068712300026,600,64,154
Oracle_SRPT,656,299.13285060975613,857.2525,11186.02,0.2529167179071511,0.01524390243902439,609,64,155
Oracle_SRPT,656,637.6631554878049,7812.76,10126.01,0.410457186415849,0.0017452006980802793,606,64,156
Oracle_SRPT,656,706.2548323170732,8269.52,10094.01,0.42367254851206315,0.05844618674269423,481,64,157
Oracle_SRPT,656,419.6676524390244,5056.5,7346.0,0.5811411025132724,0.0038535645472061657,427,64,158
Oracle_SRPT,656,785.3078201219512,8487.03,10135.03,0.24145491167145047,0.0024410089503661514,586,64,159
Oracle_SRPT,656,802.304679878049,9431.26,11497.01,0.533997450070714,0.0021525950729490554,503,64,160
Oracle_SRPT,656,674.6863567073171,8867.02,11166.03,0.45284442313539375,0.0023160061760164694,583,64,161
Oracle_SRPT,656,1027.8738414634147,11555.28,13582.03,0.5381513423090105,0.017418277260796946,590,64,162
Oracle_SRPT,656,462.3542225609756,5267.27,7317.02,0.633079410337986,0.03385826771653543,572,64,163
Oracle_SRPT,656,729.9555335365854,9245.5025,10718.03,0.4908927410167727,0.0037716872014080965,616,64,164
Oracle_SRPT,656,771.9948018292685,9129.2975,11188.050000000001,0.35815739749945263,0.0018260671079662178,574,64,165
Oracle_SRPT,656,475.71487804878063,4208.0075,6224.02,0.3350342610412965,0.014435695538057743,599,64,166
Oracle_SRPT,656,289.1965853658536,3150.0,10126.0,0.2753074233409046,0.003794037940379404,414,64,167
Oracle_SRPT,656,361.41925304878043,4378.005,6907.01,0.40815971631538106,0.0033946251768033945,464,64,168
Oracle_SRPT,656,732.2037652439025,7564.0,12047.0,0.6648293937935793,0.019846895378508648,492,64,169
Oracle_SRPT,656,526.7259451219512,5287.02,6372.02,0.646188688374134,0.003216911764705882,501,64,170
Oracle_SRPT,656,729.4564634146342,8076.52,10143.02,0.4572952092300913,0.0025949516395376267,578,64,171
Oracle_SRPT,656,821.8009603658537,9650.04,11243.04,0.2725324591786341,0.0013410818059901655,587,64,172
Oracle_SRPT,656,661.4559451219512,9085.0175,10230.01,0.19860818806628733,0.004398826979472141,477,64,173
Oracle_SRPT,656,421.672530487805,4169.77,6219.030000000001,0.44473685694855136,0.0037304733038004195,607,64,174
Oracle_SRPT,656,633.1403048780488,8970.01,10767.01,0.40411655349593345,0.018533886583679115,329,64,175
Oracle_SRPT,656,714.8372408536586,9126.0125,10801.02,0.45864270804979534,0.0025676937441643324,451,64,176
Oracle_SRPT,656,324.5258231707317,3196.01,5618.0,0.5079384588321022,0.0019646365422396855,475,64,177
Oracle_SRPT,656,663.8996189024391,7902.77,10135.02,0.6092527367360894,0.001652892561983471,570,64,178
Oracle_SRPT,656,415.6212957317074,3784.01,5657.0,0.46439338154056947,0.0025657472738935213,611,64,179
Oracle_SRPT,656,657.1159603658537,8960.27,10202.01,0.5260663133110535,0.0032249395323837677,585,64,180
Oracle_SRPT,656,810.6890853658538,10679.02,12988.02,0.5752200468320999,0.006003654398329418,602,64,181
Oracle_SRPT,656,438.544131097561,4177.762500000001,10140.0,0.23330676967763808,0.01573387278040009,506,64,182
Oracle_SRPT,656,425.52560975609754,4555.51,10151.0,0.21058808091567333,0.002223869532987398,428,64,183
Oracle_SRPT,656,590.809405487805,8040.76,10198.01,0.3646417712561078,0.0018078512396694215,599,64,184
Oracle_SRPT,656,985.9684756097562,9510.27,11998.01,0.5835873934771266,0.002890173410404624,609,64,185
Oracle_SRPT,656,574.9692073170733,7620.5075,10153.02,0.40199020486946246,0.0015368852459016393,604,64,186
Oracle_SRPT,656,505.7754420731709,5274.300000000001,7361.050000000001,0.4836079585495617,0.0027803521779425394,563,64,187
Oracle_SRPT,656,790.7987804878048,10000.51,12048.01,0.5744417704925958,0.017118402282453638,399,64,188
Oracle_SRPT,656,613.7512804878048,8060.2575,10215.01,0.3933934348663144,0.0030449124587668104,494,64,189
Oracle_SRPT,656,785.4139024390245,8090.02,10174.02,0.36111698864792385,0.0016824395373291271,560,64,190
Oracle_SRPT,656,849.6098018292683,9176.01,11803.01,0.3779613457049303,0.0026472534745201853,446,64,191
Oracle_SRPT,656,257.32461890243906,651.0,10746.01,0.4068827857386137,0.0018101887768295836,598,64,192
Oracle_SRPT,656,376.73667682926833,3737.0,5635.01,0.39822059432902535,0.01672394043528064,600,64,193
Oracle_SRPT,656,450.37082317073174,5270.52,7342.02,0.5002129730433519,0.002135231316725979,591,64,194
Oracle_SRPT,656,436.3989024390245,4335.0025000000005,10171.0,0.28769540083325135,0.003331482509716824,493,64,195
Oracle_SRPT,656,430.588125,5267.26,7303.0,0.6217542368076475,0.0033717336330429896,474,64,196
Oracle_SRPT,656,893.6004725609756,9739.0275,10231.03,0.3990730913242606,0.014399312271652698,587,64,197
Oracle_SRPT,656,706.7460060975611,9126.52,10211.02,0.4877486739663374,0.0023815194093831865,579,64,198
Oracle_SRPT,656,404.39353658536584,4191.515,5826.030000000001,0.451222221515981,0.019759879939969985,610,64,199
Oracle_SRPT,656,827.2365853658536,8492.5175,10729.0,0.5404964858677418,0.003305785123966942,488,64,200
Oracle_SRPT,656,468.87931402439017,3296.75,10200.0,0.4117888231464462,0.0027816411682892906,454,64,201
Oracle_SRPT,656,731.6362042682928,6553.0,11775.03,0.5582243739506397,0.003749330476700589,595,64,202
Oracle_SRPT,656,564.614237804878,7847.01,10128.01,0.40363974203718206,0.0031678986272439284,598,64,203
Oracle_SRPT,656,890.5029725609755,10544.53,11662.03,0.5757206074837529,0.002430133657351154,576,64,204
Oracle_SRPT,656,611.741387195122,8022.02,10094.02,0.3612975491924922,0.018738921245885033,592,64,205
Oracle_SRPT,656,321.62006097560976,3951.5,5802.02,0.390360100340054,0.004030091348737238,340,64,206
Oracle_SRPT,656,922.9971646341463,10060.2875,11647.04,0.6071153224606852,0.004069635993669455,602,64,207
Oracle_SRPT,656,570.2924695121952,6363.5,10778.01,0.3203031004360962,0.0037345590347601263,494,64,208
Oracle_SRPT,656,770.6217530487805,9532.01,11204.01,0.4385234250811763,0.0014461315979754157,518,64,209
Oracle_SRPT,656,642.8903963414634,8068.26,10128.0,0.4819349802990473,0.002005347593582888,439,64,210
Oracle_SRPT,656,546.0837195121951,7892.26,10117.01,0.3896966439442088,0.01780570830060225,384,64,211
Oracle_SRPT,656,531.650762195122,5418.01,7372.01,0.42395982299094825,0.015567765567765568,363,64,212
Oracle_SRPT,656,463.10321646341464,3303.25,10543.01,0.5317197906776624,0.02230151650312221,613,64,213
Oracle_SRPT,656,607.6539481707317,8058.26,9196.01,0.26451150120065653,0.01859872611464968,479,64,214
Oracle_SRPT,656,503.88724085365857,4605.0,10163.01,0.30659589900039463,0.0024691358024691358,602,64,215
Oracle_SRPT,656,804.322530487805,9114.78,11173.02,0.5518378899572363,0.02827248441674087,601,64,216
Oracle_SRPT,656,715.1225152439024,9129.5125,11180.01,0.40404759847319016,0.0024783147459727386,407,64,217
Oracle_SRPT,656,740.0937652439027,8058.02,10146.02,0.5042916516618093,0.0022192632046160675,595,64,218
Oracle_SRPT,656,672.3060060975611,9212.5075,10872.01,0.5763921959922774,0.018759379689844924,595,64,219
Oracle_SRPT,656,513.3608841463415,5468.0,10125.0,0.44074204861111116,0.002577319587628866,390,64,220
Oracle_SRPT,656,587.1052743902438,7673.27,10114.01,0.35886072844438066,0.018451143451143452,610,64,221
Oracle_SRPT,656,689.0362804878049,9282.01,11526.01,0.49566844325085185,0.0035587188612099642,284,64,222
Oracle_SRPT,656,736.0373323170733,9078.022500000001,11168.02,0.436452283576789,0.001999000499750125,569,64,223
Oracle_SRPT,656,621.1922256097563,8058.51,9150.01,0.3874041040153235,0.03188334157192289,468,64,224
Oracle_SRPT,656,641.1721493902439,4485.0,10428.0,0.5559291053833431,0.002935995302407516,384,64,225
Oracle_SRPT,656,821.7517835365854,9144.02,11214.02,0.3511039710224344,0.0017574692442882249,600,64,226
Oracle_SRPT,656,597.0684146341464,6629.0,10187.01,0.37330181632662573,0.002540937323546019,499,64,227
Oracle_SRPT,656,906.7550457317074,6825.25,13597.01,0.5958138326459274,0.004033419763756842,481,64,228
Oracle_SRPT,656,729.7102591463414,9210.26,10324.01,0.6328205383766822,0.002732919254658385,602,64,229
Oracle_SRPT,656,790.8693597560977,9128.26,11186.01,0.3998098720242964,0.001872220922068804,479,64,230
Oracle_SRPT,656,417.04041158536586,4175.022500000001,5827.030000000001,0.44889765750090527,0.017848643503093765,586,64,231
Oracle_SRPT,656,599.6080945121952,7886.27,10394.0,0.4824413573936889,0.0033213396069748133,380,64,232
Oracle_SRPT,656,809.540731707317,9356.01,11048.02,0.617963809210836,0.0035112359550561797,505,64,233
Oracle_SRPT,656,717.3145579268294,8070.26,10125.0,0.5187787962962963,0.015725359911406424,449,64,234
Oracle_SRPT,656,653.4083079268293,8867.0,11184.01,0.3603481562348836,0.0031570639305445935,397,64,235
Oracle_SRPT,656,583.1444359756098,7799.01,10179.0,0.3907992481456921,0.01937874038187518,471,64,236
Oracle_SRPT,656,720.925411585366,8067.27,10111.02,0.513567328642412,0.0019070321811680572,489,64,237
Oracle_SRPT,656,738.2498018292683,9210.2675,10867.01,0.4383228782859774,0.0024906600249066002,462,64,238
Oracle_SRPT,656,966.7397713414634,9145.78,11210.03,0.5184081103038976,0.026224134398688793,591,64,239
Oracle_SRPT,656,168.90844512195125,929.26,5657.0,0.29102431169347714,0.0027383619616629324,459,64,240
Oracle_SRPT,656,529.4130487804879,4610.76,10709.01,0.43192152529447175,0.015766287966612568,609,64,241
Oracle_SRPT,656,712.7395274390245,8783.7675,11243.02,0.5267216174735526,0.0017889087656529517,614,64,242
Oracle_SRPT,656,792.0183689024391,9493.0025,11559.04,0.43557362117928916,0.003062426383981154,594,64,243
Oracle_SRPT,656,686.1724237804879,8078.7675,10115.0,0.32737338768227886,0.0023164234422052353,403,64,244
Oracle_SRPT,656,739.692118902439,8069.01,10115.0,0.4351961736900643,0.02663934426229508,357,64,245
Oracle_SRPT,656,458.5138871951219,5204.2525000000005,10130.0,0.33482968865683616,0.002155753166262463,445,64,246
Oracle_SRPT,656,199.5620579268293,780.5225,10139.0,0.26056171366443925,0.018261504747991233,461,64,247
Oracle_SRPT,656,738.5244664634146,9400.01,11667.01,0.512260515306621,0.004996055745464107,381,64,248
Oracle_SRPT,656,608.3012042682927,7898.26,10125.0,0.44640471836419754,0.0021180831347630395,386,64,249
Oracle_SRPT,656,279.2092987804878,898.0,9104.03,0.35070777035005385,0.004099348926935134,602,64,250
Oracle_SRPT,656,412.85335365853655,5263.51,7322.0,0.40344513164521295,0.001800411522633745,480,64,251
Oracle_SRPT,656,616.1926676829269,5577.25,10850.03,0.5319187877533519,0.0020951810835079317,579,64,252
Oracle_SRPT,656,777.0533384146341,6249.25,13209.02,0.5380618106982956,0.002245298905416784,606,64,253
Oracle_SRPT,656,413.87992378048784,5059.02,7317.02,0.40066605037382025,0.017732267732267732,571,64,254
Oracle_SRPT,656,807.2396036585367,9569.54,11605.04,0.6652900209467181,0.0029069767441860465,594,64,255
Oracle_SRPT,656,701.7137195121952,9127.2875,10795.03,0.43322841260631056,0.0174503150751333,596,64,256
Oracle_SRPT,656,280.3114786585366,951.0,10128.0,0.448039986608906,0.0026066350710900474,475,64,257
Oracle_SRPT,656,390.3906707317073,1523.0100000000002,11476.02,0.48756973746941457,0.014977973568281937,601,64,258
Oracle_SRPT,656,1000.1826676829271,11046.03,13595.02,0.6512719018618582,0.0012422360248447205,575,64,259
Oracle_SRPT,656,844.6107469512195,11065.27,12166.01,0.5708721037263861,0.0031380753138075313,594,64,260
Oracle_SRPT,656,566.7149847560976,5288.51,10124.02,0.3247426896010676,0.0027156883225402132,604,64,261
Oracle_SRPT,656,381.00414634146347,4116.01,5607.01,0.5869830139247568,0.01730013106159895,595,64,262
Oracle_SRPT,656,561.5969207317072,8010.040000000001,10108.04,0.2605389361618326,0.003129890453834116,598,64,263
Oracle_SRPT,656,522.9500762195122,5269.040000000001,7318.040000000001,0.547822826257953,0.0032354980355904783,591,64,264
Oracle_SRPT,656,432.0429878048782,4175.51,6223.030000000001,0.5283213372344342,0.015356406142562456,610,64,265
Oracle_SRPT,656,740.8699695121951,9134.26,11224.01,0.418198643953342,0.0030165912518853697,489,64,266
Oracle_SRPT,656,233.7344817073171,2431.0,10115.0,0.26149737974233805,0.018411651552624347,391,64,267
Oracle_SRPT,656,698.2930487804878,8061.512500000001,10146.01,0.3390297100165484,0.016479743648432136,599,64,268
Oracle_SRPT,656,665.6066768292684,8059.01,10129.0,0.45186378336644784,0.0025380710659898475,500,64,269
Oracle_SRPT,656,313.33532012195127,3190.0025,4812.01,0.5590012874362792,0.0016525023607176581,430,64,270
Oracle_SRPT,656,732.699893292683,9132.51,11204.01,0.34477768904001777,0.0017152658662092624,388,64,271
Oracle_SRPT,656,562.8904878048781,5720.77,10124.01,0.3920640488860146,0.014730639730639731,616,64,272
Oracle_SRPT,656,750.8505945121951,8071.77,10614.0,0.5034712242527558,0.0015779981965734896,413,64,273
Oracle_SRPT,656,663.5668597560978,8047.51,10140.01,0.42083534526839717,0.058485139022051776,378,64,274
Oracle_SRPT,656,560.1631097560977,7799.0025000000005,9700.01,0.2835536884272542,0.0034266133637921186,486,64,275
Oracle_SRPT,656,464.1594969512195,5199.0,10777.01,0.4891154403853667,0.018145662440964456,593,64,276
Oracle_SRPT,656,365.05303353658536,1255.75,11200.0,0.4480848667689732,0.030424528301886793,425,64,277
Oracle_SRPT,656,1115.940304878049,10683.01,12896.0,0.6601941902406754,0.0024390243902439024,384,64,278
Oracle_SRPT,656,902.6238109756099,9367.0125,11439.02,0.5915789309448056,0.002552105487026797,499,64,279
Oracle_SRPT,656,676.4010823170732,8043.7675,10756.0,0.5884071335911354,0.0020756457564575647,454,64,280
Oracle_SRPT,656,459.1621036585367,5097.0075,6929.02,0.7174336894412918,0.017819148936170214,599,64,281
Oracle_SRPT,656,414.5885670731708,5272.01,7340.01,0.3354990905581191,0.017721518987341773,391,64,282
Oracle_SRPT,656,480.12501524390245,5254.01,10484.0,0.49670137232926365,0.016670752635449867,490,64,283
Oracle_SRPT,656,916.4145731707316,11447.0125,13506.01,0.5102213451525469,0.01756587202007528,507,64,284
Oracle_SRPT,656,293.5900152439024,999.7574999999999,9705.01,0.34037292859886287,0.01553575508339045,599,64,285
Oracle_SRPT,656,563.5854115853659,5281.51,10158.01,0.45415983220999995,0.001738752445120626,612,64,286
Oracle_SRPT,656,481.20378048780486,3997.25,9689.0,0.5099979136295026,0.0014326647564469914,318,64,287
Oracle_SRPT,656,637.011112804878,8050.272500000001,10112.02,0.39824428355128355,0.002551020408163265,584,64,288
Oracle_SRPT,656,320.841768292683,3135.2700000000004,4791.02,0.5552560481966784,0.017452830188679245,596,64,289
Oracle_SRPT,656,133.28664634146344,573.5074999999999,9047.0,0.2219965721544435,0.004008551576696953,474,64,290
Oracle_SRPT,656,556.6830792682928,5279.26,10149.01,0.33983451264581477,0.002881844380403458,600,64,291
Oracle_SRPT,656,751.9091768292684,9215.7625,11266.01,0.5434978217249276,0.017023234414538763,350,64,292
Oracle_SRPT,656,459.7762957317074,5268.012500000001,6367.01,0.46430001091564166,0.0019540791402051783,468,64,293
Oracle_SRPT,656,276.4067073170732,898.0,10704.0,0.5836381113368834,0.021916092673763307,447,64,294
Oracle_SRPT,656,576.6157469512195,6275.0,10779.01,0.5164164216785679,0.0019289060347203086,431,64,295
Oracle_SRPT,656,672.5364786585367,9118.5125,11165.02,0.327317952352526,0.0027989821882951653,494,64,296
Oracle_SRPT,656,730.9925762195122,8069.762500000001,10110.02,0.5499195970927854,0.04398417500581801,459,64,297
Oracle_SRPT,656,497.1444969512195,4044.5,10107.0,0.3362151173846097,0.020426287744227355,319,64,298
Oracle_SRPT,656,399.3338109756098,4378.0025000000005,10135.01,0.377056535495525,0.0012004801920768306,584,64,299
