n_hosts,Backfill_FIFO,FIFO,PredSched_LLM,QSSF_proxy,RF_SRPT_proxy,Wind_proxy,PredSched_beats_RF_SRPT,gap_pct
64,670.7606859756098,5994.609771341464,670.0656249999998,670.062576219512,670.062576219512,670.7210518292683,False,0.0004549993681192138
65,654.4222713414634,5407.136493902441,669.6799542682926,669.6799542682926,669.6799542682926,654.3994054878049,False,0.0
70,606.8810670731707,4918.898551829268,607.7515701219511,607.7759603658535,607.7759603658535,606.8810670731707,True,-0.0040130320205055536
75,443.88833841463406,2535.5016158536587,443.6279573170732,443.6279573170732,443.6279573170732,443.88833841463406,False,0.0
80,188.63830792682927,1481.4090853658538,188.6337195121951,188.6291463414634,188.6291463414634,188.63830792682927,False,0.0024244242315684533
85,174.07259146341468,1284.7660518292685,174.08478658536586,174.07259146341468,174.07259146341468,174.07259146341468,False,0.007005768023935624
90,164.84242378048782,580.9666615853658,164.81498475609757,164.81346036585367,164.81346036585367,165.16254573170733,False,0.0009249185354868494
100,177.75611280487806,276.37175304878053,174.842881097561,174.7788567073171,174.7788567073171,177.9588567073171,False,0.03663165639715543
110,142.15033536585366,162.44303353658538,141.19913109756098,141.16862804878048,141.16862804878048,142.39576219512193,False,0.02160752654616891
120,135.95673780487803,142.14425304878048,136.60763719512195,134.70064024390243,134.70064024390243,135.96893292682927,False,1.415729686040487
130,133.84545731707317,133.8973018292683,134.1457469512195,133.84545731707317,133.84545731707317,134.00246951219512,False,0.22435549189761986
150,133.7570274390244,133.7570274390244,133.7707469512195,133.7570274390244,133.7570274390244,133.7494054878049,False,0.010257040289986832
175,133.7494054878049,133.7494054878049,133.7494054878049,133.7494054878049,133.7494054878049,133.7494054878049,False,0.0
200,133.7494054878049,133.7494054878049,133.7494054878049,133.7494054878049,133.7494054878049,133.7494054878049,False,0.0
250,133.7494054878049,133.7494054878049,133.7494054878049,133.7494054878049,133.7494054878049,133.7494054878049,False,0.0
300,133.7494054878049,133.7494054878049,133.7494054878049,133.7494054878049,133.7494054878049,133.7494054878049,False,0.0
400,133.7494054878049,133.7494054878049,133.7494054878049,133.7494054878049,133.7494054878049,133.7494054878049,False,0.0
500,133.7494054878049,133.7494054878049,133.7494054878049,133.7494054878049,133.7494054878049,133.7494054878049,False,0.0
615,133.7494054878049,133.7494054878049,133.7494054878049,133.7494054878049,133.7494054878049,133.7494054878049,False,0.0
